,precip,solar,air,vapor,tem_output
25,4.3,146.9,22.6,22,0.03
26,5,283.5,25.8,19.2,0.04
27,11.1,235.1,18.9,15.8,0.103
28,1,218.9,14.7,10.9,0.088
29,9.3,158,15.7,14.7,0.124
30,4.7,233.1,15.6,12,0.115
31,2.8,319.4,13.3,9.4,0.105
32,2.3,83.9,12.8,11.8,0.105
33,0.4,257.5,17,15.3,0.096
34,7.6,206.8,18.1,17,0.121
39,0.1,297.4,13,8.3,0.101
40,0,331.4,15.8,9.4,0.089
41,1.5,155.8,14,11.5,0.092
42,14.2,31.9,13.1,14.9,0.15
43,0.6,251.9,16.4,13.8,0.112
46,5.2,63.6,17.4,17.4,0.112
47,6.1,146.6,13.1,12.5,0.122
48,7.7,56.3,9.5,11.2,0.133
49,2.8,156.3,10.4,10.7,0.123
50,2.5,111.9,13.1,13.1,0.121
51,5.5,175.4,14.8,15.2,0.131
52,0.7,233.8,17,13.5,0.115
53,2.9,250,17.8,14.7,0.118
54,6.9,193.2,16.9,17.7,0.133
55,0.5,286.4,18.4,15.4,0.116
56,13.1,109.4,17.4,19.5,0.152
57,16.1,61,12.9,13.7,0.167
59,0.2,199.9,14.2,12.4,0.143
60,3.4,210.1,14.9,15.3,0.145
61,0.3,226.9,17.4,15.3,0.135
62,4.2,237.6,19.5,19.4,0.14
63,0.1,300.2,20.3,17,0.128
64,2.5,238.3,20.3,18.7,0.128
65,17.4,35.3,18.7,20.8,0.165
66,13.6,155.3,19.4,20.2,0.172
67,12.4,24.1,14.7,15.7,0.18
68,6.5,69.3,16.7,18.9,0.177
69,7.9,135.6,17.6,19.9,0.178
70,7.5,169.3,18.7,19.8,0.176
71,1.1,191.6,19.7,18.8,0.163
72,0.4,257.9,17.9,13.3,0.155
73,0,298.7,16.3,11,0.149
74,0,273.8,19.2,12.7,0.144
75,0,283.6,18.4,13.9,0.14
76,0.9,222.1,21.3,17.5,0.136
77,9.4,175.7,17.2,15.4,0.155
78,0,286.5,14.5,9.4,0.139
79,0,282,16.5,10.6,0.132
80,0.6,202.6,19.9,14.1,0.126
81,0.1,223.3,19.2,16.9,0.124
82,6.4,224.9,22,20.5,0.137
83,17.6,129.7,12,12.9,0.168
84,2.9,86.4,7.6,6.9,0.151
85,0,273.6,9,6.4,0.14
86,0.4,84.2,11.9,11.3,0.136
87,1.2,105.5,12.7,13.3,0.135
88,16.7,56.9,9.3,11.2,0.168
89,0.4,244,8,6.9,0.147
90,20.3,13,10.1,12.2,0.182
91,0.8,164.3,9.1,8,0.161
92,0.4,190.7,12.7,9.8,0.151
93,8.2,233.8,8.7,7.9,0.162
94,0,232.7,9,7.8,0.149
95,0.8,115.5,12.3,11.3,0.145
96,12.4,96.4,13.1,14.9,0.168
97,1,195.1,11.7,10.4,0.153
98,2.4,139.8,11.9,12.1,0.152
99,0.3,167.2,9.7,8.7,0.144
100,0.1,192.6,7.6,7.3,0.14
101,0,233.1,8.2,6.9,0.134
102,1.4,157.9,15.5,15.6,0.135
103,0,213.5,16.7,16.3,0.131
104,0,215.2,18.9,17.1,0.126
105,0,214,18.4,14.8,0.12
106,0.2,155.1,18.6,17.7,0.119
107,3.8,85.5,19.5,21.6,0.129
108,8.2,106,15.2,15.2,0.143
109,1,145.1,12.4,11.2,0.129
110,0,201.7,15.1,12.8,0.123
111,0,151.1,16.4,12.3,0.117
112,8,65.1,13.2,13.4,0.139
113,0.1,145.6,8.6,8.1,0.124
114,0,155.6,10.9,9.4,0.119
115,10.9,35.2,13.2,14.8,0.149
116,4.9,89,11.7,11.1,0.142
117,14.3,90.7,9.4,10,0.164
118,0.1,119.9,7.8,6.6,0.145
119,8.8,34.2,12.2,12.9,0.159
120,38.8,20.3,8.5,11,0.212
121,3.2,29.6,6.4,9.5,0.192
122,2.9,101.3,4.6,7.2,0.178
123,7.3,97.3,1.6,6.5,0.178
124,0.6,119,1.2,5.2,0.165
125,0.4,108.3,1.9,5.4,0.158
126,10.6,9.5,3.8,7.8,0.173
127,4.2,80.4,2.5,7.2,0.167
128,3.6,66.4,1.2,5.6,0.163
129,2.8,26.4,3.1,6.7,0.159
130,1.4,21.9,4.7,8.2,0.154
131,0,155.2,1.2,5.5,0.148
132,0,144.2,12.1,12.2,0.144
133,0,146.8,13.5,13.7,0.14
134,1.1,130.2,12.1,12.1,0.138
135,0.5,88.2,7.8,7.1,0.133
136,2.8,41.8,6.4,9.1,0.139
137,47.4,3.8,5.2,8.6,0.218
138,9.9,60.1,-0.1,5.3,0.203
139,1.1,53.9,0.2,4.9,0.18
140,0.3,93.5,-1.6,3.7,0.167
141,0.1,115.6,-2.7,3.3,0.158
142,0.5,107.7,-2.6,3.3,0.152
143,0,128.9,-2.9,2.9,0.146
144,0.4,83.6,-2.5,3.5,0.143
145,0.4,82.6,-1.5,3.7,0.139
146,1.3,90.4,-1.4,4,0.136
147,5.9,21.7,1.7,5.9,0.153
148,5.4,17.1,2.7,7.4,0.154
149,1.7,46.3,0.5,6.1,0.152
150,0.8,81.5,-1.9,4.4,0.145
151,10,13.9,1,6.4,0.167
152,5,34.6,-0.5,5.4,0.162
153,5,6.2,-0.1,5.5,0.162
154,4.3,37.6,0.3,6,0.162
155,0,74.2,-3.3,3,0.152
156,0.4,47.7,-3.2,3.2,0.146
157,0,63.7,-4.7,2.3,0.141
158,10.2,5.8,-1.9,5.1,0.14
159,0.8,54.8,-3.7,3.8,0.138
160,3.1,58.7,-3.5,3.7,0.135
161,0.7,77.2,-9,1.9,0.133
162,0.4,37.8,-6.7,2.4,0.133
163,2.3,55,-1.9,4.7,0.131
164,3.2,21.1,-0.2,5.4,0.137
165,2.2,24.5,0.2,5.9,0.139
166,13.7,6,-1.9,4.8,0.134
167,5.4,17.2,-6.2,2.9,0.131
168,0.4,62.2,-6.2,3,0.13
169,0,80.3,-9.1,2.6,0.129
170,0.2,39.5,-2,5.1,0.129
171,0.1,48.4,0.1,5.1,0.128
172,22.1,2.2,5.5,8.9,0.195
173,9.3,42.6,-0.7,5.6,0.185
174,0.2,27.4,0.1,5,0.17
175,0,69.4,-5.5,2.7,0.159
176,1.4,12.7,-0.7,3.9,0.154
177,1.4,30.5,5.5,7.9,0.177
178,4.7,44.4,-4.4,3,0.16
179,0.1,43.4,-1.2,3.9,0.152
180,0.5,51.4,-3.1,3.9,0.148
181,1.2,26.1,-2.5,4.5,0.144
182,21.7,4.4,-5.8,3.3,0.141
183,1,24,-5.5,3.2,0.139
184,1.6,19.5,-7.9,2.5,0.138
185,0.2,42.3,-12.3,1.5,0.137
186,0.5,40.6,-9.5,2.1,0.135
187,0.2,54.2,-13.5,1.5,0.134
188,0,62.7,-16.8,1.2,0.133
189,0,53.8,-16.1,1.1,0.133
190,0,61.8,-11.7,1.1,0.132
191,0,59.4,-13.7,1.3,0.131
192,0,51.2,-10.8,2,0.13
193,5,22.8,-8.9,2.7,0.13
194,16.8,1.5,1.7,6.5,0.174
195,5.2,28.3,-13.1,1.8,0.153
196,0.2,56.7,-19.9,1,0.148
197,0,55.3,-14,1.5,0.144
198,3.3,9,-9.8,2.5,0.142
199,0.4,31,-9.4,2.4,0.139
200,8.4,7.4,0.3,5.9,0.157
201,12.4,4,-5.9,3.3,0.145
202,1.3,32.4,-10.6,2.1,0.142
203,0.3,38.9,-16.4,1.4,0.14
204,1.2,40.9,-16.6,1.5,0.138
205,3.2,6.2,-9.1,3.1,0.136
206,1.6,12.9,-3.3,4.6,0.135
207,4,3.5,-2.1,4.9,0.133
208,4.1,4.3,-0.4,5.6,0.141
209,0.7,40.8,-5,3.5,0.134
210,0,54.5,-11,2.3,0.133
211,0,38.7,-1.4,3.5,0.129
212,0.5,17.4,2.3,6.3,0.144
213,8.8,3,-4.4,4.1,0.135
214,1.7,38.6,-13.5,1.8,0.134
215,0.5,47,-15.7,1.5,0.132
216,0.4,24.2,-15.3,1.5,0.131
217,4.2,8.2,-5.2,3.8,0.13
218,0.9,39.5,-11.4,2.2,0.129
219,0.2,43,-20.9,0.9,0.128
220,2.8,14.3,-19.8,1,0.128
221,0.2,49.7,-27.1,0.5,0.127
222,0.1,55.3,-30.6,0.4,0.126
223,0,63.3,-28.4,0.5,0.126
224,0,68.1,-29.9,0.4,0.125
225,0.5,39.4,-25.7,0.6,0.125
226,0,63.9,-28.2,0.5,0.124
227,1.4,47.8,-26.6,0.5,0.124
228,0,70.5,-32,0.3,0.123
229,1.1,30.1,-30.5,0.4,0.123
230,1.6,36.3,-13.3,1.6,0.122
231,0.2,60.2,-16.2,1.4,0.122
232,2.4,23.1,-14,1.7,0.121
233,2.2,27,-9.3,2.4,0.121
234,0.4,41.5,-15.6,1.4,0.121
235,0.1,76.9,-20.3,1,0.12
236,2,23.9,-15.1,1.5,0.12
237,1.2,52.4,-22.7,0.7,0.12
238,0.1,76.7,-30,0.4,0.119
239,0.1,81.6,-30.2,0.4,0.119
240,0,89.3,-32,0.3,0.119
241,0,81.9,-26,0.5,0.118
242,0.2,53.4,-18.8,1.1,0.118
243,1.3,41.1,-16.5,1.3,0.118
244,3.5,27,-14.1,1.6,0.117
245,1.7,66.6,-9.8,2.4,0.117
246,0.7,59.1,-5.6,3.5,0.117
247,0.1,75.8,-9.9,2.6,0.117
248,0.1,74,-6.1,2.8,0.116
249,6.6,32.3,-10.5,2.7,0.116
250,0.3,91.1,-15.2,1.4,0.116
251,0.5,52.3,-17.4,1.2,0.115
252,3.1,36.6,-15.7,1.4,0.115
253,0.3,101.5,-18.5,1.2,0.115
254,2.5,34.8,-6.2,3.3,0.115
255,2.7,48.8,-6.4,3.3,0.113
256,0.4,86.5,-15.8,1.4,0.114
257,0.5,85.1,-16.4,1.1,0.114
258,4.5,35.3,-9.9,2.3,0.113
259,0.9,120.7,-27.4,0.5,0.113
260,0.1,109,-26.5,0.5,0.113
261,0.1,129.9,-26.1,0.5,0.113
262,0.2,69.3,-15.8,1.2,0.112
263,0.4,95.1,-10,2.2,0.112
264,0.2,99.5,-9.3,2.6,0.112
265,0.1,129.8,-11.6,2,0.112
266,3.4,19,-7.3,2.8,0.112
267,5.1,35.9,-9.3,2.6,0.111
268,0.1,141.1,-16.6,1.3,0.111
269,0,147.9,-16.4,1.3,0.111
270,0,133.1,-13.2,1.6,0.111
271,0,152.5,-17.6,1.1,0.111
272,0,144.3,-14.5,1.3,0.11
273,0.2,107.2,-6.5,2.8,0.11
274,1.9,28.8,-4.9,4.1,0.11
275,0.3,92.1,-2.5,4.5,0.108
276,6.9,23.8,1.6,6.5,0.143
277,0.5,146.9,-8.1,2.4,0.122
278,1.9,102.1,-7.5,2.6,0.121
279,3.5,85.4,-12.9,1.9,0.119
280,5.1,44.5,-7.3,2.7,0.118
281,0,178,-13.2,1.8,0.117
282,0,177.6,-14.2,1.7,0.117
283,0,175.3,-11.2,2,0.116
284,0,165.7,-4.2,2.6,0.115
285,0,131.2,-2,3.9,0.112
286,0.2,101.7,-8.3,2.8,0.112
287,0.8,178.4,-14.9,1.2,0.112
288,0.7,81.3,-12.1,1.6,0.112
289,5,88,-7.7,3,0.112
290,0,209.5,-19.4,0.8,0.111
291,0,211.6,-16.6,1,0.111
292,0,213.4,-14.3,1.3,0.111
293,0,201.7,-9.8,2.1,0.11
294,8.4,37,-3.1,4,0.108
295,3.2,93.7,-9.3,2.7,0.109
296,0.2,202.1,-20,0.8,0.109
297,1.1,147.1,-13.3,1.7,0.109
298,0,224.4,-9.2,1.9,0.109
299,4.4,29.7,1.2,6,0.131
300,13.2,8.9,2.7,7,0.168
301,0.1,236.2,-4.3,2.7,0.141
302,0,235.4,-0.4,3.3,0.134
303,0,222,4.4,4.3,0.156
304,0.6,74.6,2.1,6.8,0.155
305,0.5,178.7,-3.6,2.9,0.143
306,0,252.4,-3.2,3.3,0.138
307,0,237.3,0.3,4.8,0.137
308,2.1,122.4,0.1,5.5,0.139
309,3.7,94.7,-7.2,2.4,0.132
310,0.2,213.3,-9.6,1.5,0.131
311,0,251.3,-5.9,2.5,0.129
312,0,218.4,-2.7,2.7,0.124
313,0.2,164.4,-4.5,2.6,0.121
314,2.6,103,-6.9,2.4,0.12
315,0.9,151.3,-4.1,2.9,0.117
316,0.7,193.7,-2.4,3.3,0.115
317,0.1,252.8,-1.7,2.7,0.111
318,0.8,156.1,-1.3,4.1,0.11
319,0.4,257.8,-1.6,3.7,0.108
320,0,288.5,-4.5,2.2,0.105
321,0,268.1,3,2.6,0.129
322,0,217.9,4.3,5.4,0.147
323,0,276.3,-0.1,3.3,0.127
324,43.8,22.3,3.9,8,0.218
325,0.4,297.2,-0.4,2.7,0.194
326,12.3,106.8,4.8,6.6,0.22
327,7.5,162.3,-1.4,3.6,0.195
328,0,299.4,-1.5,1.8,0.174
329,1.2,301.9,-6.1,1.5,0.165
330,0,247.9,-1.9,1.7,0.157
331,5.8,64.9,1.8,6.5,0.173
332,3.1,144.5,0.6,4.9,0.168
333,0,321.9,-3.1,2.3,0.156
334,9.3,189.7,5.6,7.6,0.191
335,0.7,118.3,0.3,4.8,0.171
336,14.9,17.5,1.8,6.8,0.193
337,19.4,23.5,-0.2,5.4,0.2
338,8.1,73,-0.5,5,0.188
339,0,292.5,-0.5,3.7,0.17
340,0,294.8,3.5,5.3,0.177
341,5,45.4,4.7,7.9,0.19
342,1.5,296,-2.7,2.6,0.169
343,0,270.6,1.8,2.9,0.168
344,0.1,331.3,2.2,2.9,0.167
345,7.2,168,7.3,7.8,0.198
346,1.1,331,3.3,4.3,0.188
347,0,79.6,2.5,2.9,0.179
348,8.2,59.2,3.8,7.4,0.193
349,19.5,36.3,11.4,13.4,0.233
350,6.6,229.9,2,5.3,0.207
351,0,312.4,4.9,4.5,0.197
352,0.1,179.7,9.8,7.1,0.207
353,11,252.4,9.1,7.7,0.22
354,0,337.6,9.5,5.7,0.215
355,8.6,142,11.5,10.7,0.216
356,0.3,345.3,3.1,3.5,0.182
357,0,333.2,5,4.7,0.167
358,0,359,4.1,4.1,0.157
359,0,257.4,6,4.5,0.149
360,0,324.5,9.9,6.9,0.142
361,6.1,102.3,9.1,11.2,0.154
362,0.8,274.1,11.8,8.2,0.141
363,3.7,249.8,5.4,5.8,0.144
364,0.5,246.8,3.5,4.5,0.136
365,0,362.2,6.1,4.8,0.13
366,0,338.1,9.8,6.7,0.125
367,2.9,201.9,9.3,9.5,0.132
368,2,163.1,8.5,9,0.13
369,2.1,152.9,7.6,9.1,0.131
370,0,360.9,8.6,6,0.122
371,0,320.3,14.5,7.2,0.113
372,3.2,167.5,13.8,11.9,0.123
373,5.6,251.9,11.6,10.8,0.132
374,10.1,106.4,18.4,18.9,0.149
375,3.6,272.2,7.4,6.5,0.139
376,0,357.8,5.9,4.7,0.128
377,0,353.9,7.3,5.6,0.123
378,0,362.7,12,7.4,0.116
379,0,329,18.1,10.2,0.107
380,14.7,75,15.8,16.3,0.153
381,6.9,179.2,11.9,11.6,0.146
382,0.5,290.9,10.5,8.2,0.132
383,0.6,266.4,14.1,11.2,0.126
384,0,229.7,14.8,10.8,0.12
385,4.2,135.6,8,8.4,0.13
386,1.4,206.7,10.4,9,0.123
387,5.2,132.5,12.7,13.2,0.134
388,8.2,168.9,13.1,14.4,0.146
389,3.1,228.3,14.4,11.5,0.137
390,16.6,102.7,12.9,13.5,0.167
391,2.2,259.6,11.1,7.5,0.149
392,2.1,122,10.7,9.8,0.145
393,8,137.1,9,9.1,0.155
394,1.5,246.6,11.1,9.9,0.144
395,10.2,160.1,12.3,13.2,0.161
396,0.8,228.9,14,11.4,0.144
397,13.3,131.5,13.5,14.8,0.168
398,6.2,153.4,14.8,14.5,0.163
399,0,331.2,17.2,10.8,0.147
400,0,262.7,20,13.3,0.137
401,22.9,35.9,15.8,15.9,0.181
402,0,339.9,14.5,9.4,0.156
403,2.1,218.6,15.4,13.5,0.151
404,2.7,76.5,14.6,13.7,0.149
405,4.7,104.3,14.8,14.9,0.152
406,0,201.7,16.8,13.7,0.141
407,0,287.4,18.9,13.4,0.133
408,5.2,160.8,18,16.4,0.142
410,14.5,99.1,17.3,19.5,0.173
411,10.9,110,16.9,18.4,0.177
412,11.4,140.6,17.3,18.2,0.181
413,0.1,296.1,16.3,10.9,0.161
414,0,340.5,17.3,10.8,0.149
415,0,282.5,20,13.7,0.14
416,3.4,140,16.9,14,0.143
417,0,329.3,18.5,12.9,0.133
418,15.3,120.5,18.7,18.5,0.165
419,0.1,314.4,10,6.5,0.144
420,0,248.9,13.3,7.9,0.135
421,0,303.4,16.3,9.1,0.127
422,2.2,184.6,15.8,13.9,0.13
423,0.1,283.6,17.2,14.1,0.123
424,0,280.8,20.2,14.2,0.116
425,0,304.5,22.2,14.1,0.108
426,0,253.8,22.3,14.5,0.101
427,0.6,219.1,20,16.7,0.1
428,2.1,187.5,17.1,14.3,0.106
429,0.9,244.7,18.7,14.2,0.1
430,5.5,225.6,15.5,12.2,0.117
431,0.2,133.7,10.3,9.7,0.107
432,0.7,90.2,8.3,8.5,0.104
433,1,94.5,10.4,10.3,0.104
434,0.2,187.1,12.7,9.8,0.098
435,0.9,183,14.5,11,0.095
436,0.5,231.1,16.8,14.2,0.092
437,9.8,104,15.8,17.7,0.133
438,9.8,164.3,16.1,17,0.142
439,4.6,181.9,14.3,13.4,0.133
440,0.7,183.8,14,12.2,0.122
441,7.3,274.5,11.9,8.9,0.136
442,0,191.4,14.9,10.5,0.12
443,0.5,239.5,16.3,11.5,0.113
444,0,192.2,17.2,11.6,0.106
445,4.4,142,16,13.9,0.119
446,5.8,204.7,14.1,11.9,0.127
447,2.4,191.2,12.3,8.2,0.117
448,0.2,136.5,10.4,7.6,0.109
449,3.9,207.3,11.1,10.6,0.12
450,15,125.7,10.6,10.2,0.154
451,0,257,9.1,8.5,0.128
452,0,240.2,14.3,10,0.12
453,8.2,51,19.4,21.8,0.142
454,12.5,108,19.2,21.7,0.158
455,5.2,127.9,15.5,14.6,0.152
456,5,32.3,9.1,9.7,0.152
457,0.5,131.6,12.1,11.8,0.142
458,3.3,137.3,13,13.9,0.144
459,1.9,147.2,7.1,7.5,0.139
460,0,229.2,7.5,6.8,0.131
461,29.2,38.4,11.3,13.2,0.187
462,0.2,228,9.6,8.6,0.162
463,0.2,150.7,14.1,10.9,0.151
464,0.8,107.2,18.2,17.5,0.145
465,2,110.3,17,14.4,0.142
466,0,229.6,8,7.3,0.136
467,0.1,143.2,8.9,7.6,0.131
468,0,226.6,10.5,8.7,0.126
469,0.1,215.6,15,10.4,0.12
470,4.5,81,8.1,9.1,0.132
471,0,212.7,7,6.4,0.122
472,0,206.3,15.4,11.7,0.116
473,3.2,135.3,18.7,18.7,0.124
474,7.2,163.3,17.4,18.9,0.139
475,2.4,72.9,7.8,7.7,0.13
476,0.6,76.4,6,6.4,0.123
477,0,206.5,5.5,6.5,0.119
478,0.5,28,7.3,8.7,0.118
479,0.2,38.1,12,13,0.117
480,1.1,70.8,13.2,12.8,0.116
481,0,186.6,9.8,10.3,0.113
482,0,181.8,17.6,15.7,0.109
483,0.4,70.8,12.9,11.1,0.106
484,0.4,130.7,10.3,9.5,0.104
485,4.4,64.3,12.5,12.8,0.119
486,4.8,115.2,6.7,8.1,0.124
487,0,175.9,7.2,7.4,0.113
488,0,149.6,7.6,9.7,0.112
489,0,170.1,11.2,10.1,0.107
490,14.9,38.7,7.9,9.1,0.153
491,0,140.5,6.3,6,0.124
492,14.3,30.6,2.9,7.1,0.158
493,0.1,144.8,0.8,3.7,0.137
494,3.3,58.6,3.7,7.4,0.141
495,0,155.1,7.3,9.9,0.134
496,0.9,74.1,14.5,10.8,0.127
497,19.9,31.6,11.8,13.5,0.171
498,4.6,58.5,5.7,8,0.158
499,0,141.3,3.5,6,0.148
500,0,146.9,1.9,6.1,0.142
501,0,142.4,2.2,6.8,0.139
502,0.4,42.2,4.9,7.9,0.136
503,3.1,42.3,8,9.8,0.147
504,8.1,16.6,8.8,11,0.156
505,3.2,61.9,4.8,8.1,0.151
506,2.1,46.9,0.8,5.7,0.147
507,0.1,121.6,-2.6,3.4,0.14
508,0,123.4,-2.9,3.2,0.136
509,0,128.2,-2.3,4.1,0.133
510,0,123.5,-1.2,5.3,0.131
511,0,122.3,1.5,5.9,0.132
512,0,120.7,2,6.3,0.129
513,0,115,1.5,6.4,0.131
514,0.9,29.4,3.9,7.6,0.128
515,0.5,76.1,-0.4,4.8,0.125
516,0.1,90.8,-2.9,3.8,0.123
517,0,109.3,-1.9,4.6,0.122
518,6.6,32.6,4.7,7.5,0.153
519,7.4,6.9,5.9,9.2,0.154
520,0.5,65,-1.1,5,0.142
521,6.1,15.1,-0.6,5.4,0.151
522,2.7,67,-3,4.2,0.142
523,0.1,29.1,-0.1,4.2,0.137
524,9.2,10.4,-1.5,5.1,0.135
525,4.9,15.7,-4.4,3.8,0.132
526,2.6,26.7,-4.7,4,0.131
527,2.3,60.7,-5.9,3.4,0.129
528,1.2,72.9,-8.8,2.7,0.128
529,7.5,7,-4.1,3.9,0.126
530,6.4,56.7,-7.9,2.9,0.125
531,1,60.9,-9,2.7,0.125
532,0.1,76.6,-12.5,2,0.124
533,0,77.9,-3.3,4.2,0.123
534,0,53,-4.1,4.1,0.122
535,0,54.2,-2.7,4.8,0.122
536,0.5,22.4,1.7,6.6,0.134
537,1.2,16,2.2,7,0.143
538,1.1,23.1,-1.1,5.1,0.133
539,0.2,58.8,-3.9,4,0.13
540,4.6,8,-0.1,5.6,0.139
541,1.1,53.1,-4.5,4,0.132
542,0.3,26.7,0.1,5.3,0.13
543,1.9,46.2,-3.9,3.7,0.127
544,9.1,7.8,-7,3,0.126
545,1.5,30.1,-7.7,2.6,0.125
546,0.8,65.4,-10.1,2.3,0.125
547,10.3,5.5,2.7,6,0.163
548,1.7,45.7,-6.4,3,0.143
549,1.3,24.6,-0.4,4.3,0.139
550,2.2,13,-5,3.9,0.136
551,0.3,50.6,-16.4,1.4,0.134
552,0.1,60.4,-21.2,0.9,0.132
553,5.4,7.8,-7.1,3.1,0.131
554,1.4,56.2,-20.4,0.9,0.129
555,0.1,57,-20.4,1,0.128
556,0.4,40.9,-16.2,1.3,0.127
557,15.2,6.9,-7.8,2.8,0.126
558,0.3,24.9,-8.5,2.8,0.126
559,0.5,33,-7.2,3.4,0.125
560,1.4,14.9,-8.6,2.5,0.124
561,0.1,49,-12.9,2,0.124
562,0.3,27.6,-15.4,1.5,0.123
563,0.7,30.3,-15.2,1.5,0.122
564,0.1,39.8,-14.4,1.7,0.122
565,3,8.8,-3.2,4,0.121
566,3.7,44.9,-17.2,1.3,0.121
567,2.2,13.9,-12.3,1.8,0.121
568,5.9,14.8,-20.8,0.9,0.12
569,0.1,56.7,-29.2,0.4,0.12
570,2.8,13,-25.2,0.6,0.119
571,1.3,33.9,-16.5,1.7,0.119
572,17.5,5.6,-9.7,2.6,0.119
573,1.6,40.1,-22.7,0.7,0.118
574,0,59.6,-30.8,0.3,0.118
575,0,59.5,-34.4,0.2,0.118
576,0,60.1,-31.9,0.3,0.117
577,2.3,14.2,-15.6,1.7,0.117
578,2.5,52.2,-16,1.4,0.117
579,0,55.8,-16.6,1.4,0.116
580,13.2,5.4,-1.1,5.5,0.116
581,4.2,55.2,-18.8,1.1,0.115
582,3.3,14,-21.3,0.9,0.115
583,1,41.7,-14.5,1.6,0.115
584,0.2,40,-21.6,0.9,0.115
585,0.1,60.6,-23.6,0.7,0.115
586,0,61.7,-20.7,0.8,0.114
587,0,61.9,-14.9,1.5,0.114
588,0.5,29.3,-9.6,2.5,0.114
589,0.1,34.8,-16,1.3,0.114
590,4.5,17.5,-10.7,2.2,0.114
591,0.2,61.5,-18.5,1.1,0.113
592,0,54.6,-16.9,1,0.113
593,20.8,1.6,3.9,7.6,0.187
594,8.3,53,-12.8,2.3,0.154
595,0.2,60.5,-21.1,0.8,0.148
596,0.1,75.3,-26.1,0.5,0.143
597,0,68.7,-31.1,0.3,0.139
598,0,77.5,-30.5,0.3,0.137
599,3.9,13.5,-18.5,1,0.134
600,0.5,76.4,-27.4,0.5,0.132
601,0,81.7,-31.9,0.3,0.131
602,0.1,49.6,-32.8,0.3,0.129
603,0,84.1,-31.7,0.3,0.128
604,1.6,18.2,-17.9,1.2,0.127
605,0.2,87.7,-25.1,0.6,0.126
606,0,90.3,-31.3,0.3,0.125
607,0,89.2,-30.7,0.4,0.124
608,0,78.7,-20.8,0.8,0.123
609,0.7,51.9,-8.8,2.2,0.123
610,0.2,93.5,-19.9,1,0.122
611,0,85.3,-16.3,1.2,0.121
612,1,75.2,-10.3,2.4,0.121
613,0,83.9,-6.2,3.4,0.12
614,0.2,79.1,-4,3.5,0.118
615,0.5,45.9,-1.3,4.7,0.117
616,0.1,92.2,-6.1,3.3,0.116
617,0,76.6,1.3,4.1,0.124
618,4.5,6.1,-1.1,4.9,0.118
619,4.4,13.5,-7.9,2.9,0.117
620,0.1,115.9,-16.9,1.3,0.117
621,0,110.9,-18.1,1.2,0.117
622,0,117.6,-17.5,1.2,0.116
623,0.9,48.5,-10.9,2.2,0.116
624,0.3,115.7,-16.4,1.3,0.115
625,4.6,76.8,-12,2,0.115
626,13.9,42.4,-0.8,5,0.152
627,0.2,90.3,-12,2.1,0.132
628,0.1,100.6,-17.4,1.2,0.13
629,0.2,134.4,-22.7,0.7,0.127
630,0.6,82.4,-22.3,0.7,0.126
631,0,143.5,-25.8,0.5,0.125
632,1,63.3,-17.9,0.9,0.123
633,1.5,70.4,-13.8,1.6,0.122
634,0.1,129.7,-18.6,1,0.122
635,0,147.8,-21.7,0.7,0.121
636,0,153.7,-20.7,0.7,0.12
637,0,156,-19.4,0.8,0.12
638,0,158.3,-17.4,1,0.119
639,0,135.4,-17.7,0.9,0.118
640,0,74.4,-11.4,1,0.118
641,0.2,125,-13.8,1.3,0.117
642,0.4,127.6,-16.4,1.1,0.117
643,0.6,123.1,-13.3,1.5,0.116
644,0.1,142.1,-13.4,1.4,0.116
645,1.1,135.8,-16.9,1,0.116
646,0.4,120.8,-21.6,0.7,0.115
647,1.5,180.3,-19.4,0.8,0.115
648,2.1,96.8,-21,0.7,0.115
649,0.8,136.4,-18.9,0.9,0.114
650,0.6,126.5,-13.7,1.6,0.114
651,0.4,132.9,-7.9,2.6,0.114
652,1.9,127.8,-5.9,2.8,0.113
653,0.6,98.8,-6.9,2.6,0.111
654,0.4,78.3,-6.6,3,0.112
655,2.4,109.4,-5.2,3.3,0.11
656,0.1,161.6,-6.9,2.8,0.109
657,0.1,150.2,-6.6,2.8,0.11
658,0.2,149.8,-5,3.2,0.107
659,0,194,-3.7,3.4,0.106
660,0,198.2,-6.1,3.2,0.105
661,0.8,148.3,-5.8,3.4,0.105
662,0.3,202.3,-7.2,2.5,0.106
663,0,179,-3.2,2.9,0.102
664,3.5,223.5,-12.7,1.5,0.104
665,0,224.2,-6.9,2,0.104
666,0.5,172.9,-0.4,3.6,0.099
667,0,132.4,-0.4,4.6,0.099
668,0,219.6,-1.1,4.3,0.098
669,0,231.8,1.4,3.9,0.112
670,0,216.1,5.1,4.2,0.147
671,5.9,21.2,1.2,6.3,0.145
672,0.6,198.4,-2.1,3.6,0.128
673,14.3,16.2,0.8,6.2,0.164
674,6.9,42.4,0.9,6.3,0.165
675,1.7,250.1,1.8,3.8,0.163
676,0.1,241.9,-0.4,4.5,0.152
677,0,176.1,-0.8,3.9,0.145
678,0.1,201.6,-2.9,3.5,0.139
679,0.2,160.7,-0.8,4.1,0.135
680,0.8,266.2,-4.3,2.6,0.13
681,0,276.3,-4.5,2.7,0.127
682,0,271.5,-1.4,3.1,0.123
683,0,260,1.9,4.3,0.136
684,0,283.1,-2.5,2.6,0.125
685,0,287.5,-1.1,3.3,0.121
686,0,287.1,6.1,4.4,0.158
687,0,278.6,5,5,0.165
688,0,282.3,2.4,3.5,0.162
689,3.5,79.8,6,7.8,0.185
690,0.6,285.1,-2.1,2.4,0.165
691,0,308.5,-3.3,1.8,0.154
692,0,234.1,1.5,3.2,0.156
693,0,271,1.3,3.4,0.154
694,5.6,28.4,4.3,7.6,0.178
695,11,15.6,5.9,9.2,0.203
696,1,243.5,6.1,6.4,0.2
697,3.8,164.5,8.3,8.7,0.209
698,12.2,21.6,2.3,7.2,0.204
699,7.1,70.1,0.8,6.4,0.191
700,2.3,178.2,4,6.9,0.191
701,5.7,163.4,4.5,6.6,0.196
702,4.5,180.5,3,6.4,0.192
703,2.6,244.3,3,5.8,0.188
704,1.1,267.3,4.4,4.7,0.188
705,0.5,261.4,7.4,5.1,0.197
706,0,304,10.9,5.9,0.21
707,0,248,11.4,7.1,0.216
708,0,322.1,12.1,6.8,0.22
709,3,69.7,10.2,9.6,0.192
710,1,220.2,17,10.5,0.171
711,5.8,59.1,2.6,6.4,0.172
712,0,337.4,-2,2,0.158
713,0,322.8,1.3,2.7,0.15
714,0,88.7,3.3,3.4,0.143
715,3.2,49.4,6.9,8,0.147
716,7,161.7,7,9.7,0.156
717,11.5,58.5,3.9,7.8,0.169
718,0.7,220.3,6.4,6.5,0.153
719,0.6,265,9.6,8,0.145
720,0.9,247.7,9.8,9.1,0.141
721,0.1,228.4,10.3,8.7,0.136
722,0,313.7,9.8,7.3,0.131
723,0.8,104.5,9.2,8.7,0.129
724,0,348.3,14,7,0.12
725,0,338.9,16.1,8.5,0.114
726,0,348.4,14.4,7,0.107
727,1.2,272.4,13.2,8.2,0.107
728,3.4,159,12,11.7,0.119
729,0,239,14.7,11.5,0.11
730,1,279.6,15.3,12.5,0.108
731,1.9,256.7,16,13.7,0.11
732,0,342,18.1,11.5,0.099
733,0,335.3,20.8,10.2,0.085
734,0,280.8,21,10.8,0.07
735,0,272.1,17.7,10.5,0.054
736,0.3,238.1,15.3,8.3,0.035
737,32.8,76,16.2,17.5,0.208
738,7.7,100,14.2,12.5,0.15
739,0,361.4,10.3,6.2,0.132
740,0.5,260.8,15.1,11.4,0.126
741,11.4,317.3,20.5,17.7,0.149
742,0,331,22.9,15.3,0.126
743,15.6,128.4,20.9,24.2,0.163
744,1.8,243.7,21.4,20.6,0.145
745,2.9,208.8,18.3,19.2,0.145
746,35,19.2,12.9,14.8,0.201
747,17.7,19.9,10,12.1,0.207
748,1.1,109.4,11.2,10,0.185
749,0,300,15.4,10.6,0.167
750,0,351.5,18.2,11,0.155
751,0.5,314.9,20.6,15.5,0.148
752,10,277.2,17.7,15,0.163
753,0,352.2,11.1,6.9,0.146
754,0.1,170.1,14.7,10.9,0.14
755,3.6,189.1,22.1,17.1,0.141
756,9,286.5,19.2,15.6,0.153
760,4,315.5,16.5,11.2,0.129
761,0,349.6,19.4,11.6,0.116
762,9,241.6,18.6,18.5,0.142
763,1.8,273.3,12.4,7.8,0.126
764,0,316.2,20.2,11,0.114
765,0.6,256.4,20.1,14,0.108
766,1.8,224,15.7,11.4,0.11
767,0,355.9,16.4,9.1,0.099
768,0,351.4,19.5,12.1,0.091
769,0,349.4,21.6,13.6,0.08
770,0,337.3,22.7,12,0.06
771,1.4,276,23.5,13.3,0.042
772,0,335.5,24.6,13.8,0.015
773,0,339.2,25.3,15.5,0.012
774,8.4,256.7,21.6,21.8,0.061
775,2.3,318.3,19.5,13.5,0.059
776,0,339.1,21.3,13.3,0.038
777,0,330,24.2,14.4,0.013
778,0,250.8,25.7,18.2,0.012
779,9.3,147.8,22.3,23.9,0.07
780,8.4,213.9,18.2,18,0.113
781,0,340.7,16.3,9,0.086
782,6,165.7,18.9,13.8,0.104
783,0,278.8,15.6,10.1,0.085
784,0.8,272.4,14.7,10.1,0.076
785,0.1,283.6,16.1,10.1,0.062
786,16.8,160.8,18,18.3,0.151
787,2.2,80,16.3,17.3,0.119
788,1.3,217.8,12.6,9.6,0.103
789,0.1,257,15.1,9.4,0.09
790,8.3,168.1,13,12,0.123
791,0.1,218.3,12.7,9.2,0.1
792,0.6,188,14.2,11.2,0.093
793,11.3,150.5,15.7,16.2,0.137
794,7,203.9,17.3,15.1,0.131
795,0,313.8,16.4,11.2,0.109
796,3,138,18.9,16.5,0.114
797,10.3,213.7,15.7,14.1,0.139
798,0,300.9,18.5,11.2,0.112
799,8.2,223.5,18.1,16.3,0.134
800,0.1,264.3,17.4,15.7,0.118
801,9,82.1,19,18.2,0.14
802,0,195.2,15.1,13.9,0.123
803,2.3,220.3,13.8,11.4,0.122
804,0.2,215.3,15,11.3,0.113
805,2,251.9,16.6,13.8,0.113
806,0.1,217.4,13.5,10.3,0.105
807,0.1,194.7,14.9,11.1,0.099
808,5.5,184,14.4,13,0.117
809,0.4,173,11,8.5,0.102
810,0,226.7,10.1,8,0.096
811,0,202.7,13.3,11,0.092
812,9.5,65,14.9,15.2,0.13
813,9.7,143.8,15.4,16.2,0.14
814,8.9,117.9,12.1,13.7,0.144
815,0.1,210.3,12.4,10.2,0.126
816,0,223.5,14.4,12.1,0.12
817,0,268,14.9,11.7,0.113
818,0,262.3,16.5,12.5,0.107
819,0,251.5,18.7,13.5,0.099
820,10.3,78.9,17.3,17.5,0.136
821,1.2,184.3,17.5,15.5,0.115
822,11.3,136.7,16.6,18.4,0.146
823,10.3,120.3,15.5,17.4,0.152
824,3.7,111,15.9,15.5,0.145
825,6.2,151.7,14.7,15.2,0.151
826,1.6,113,12.5,11.8,0.142
827,0,200.3,9.2,7.9,0.134
828,0,228.2,11.6,9.5,0.127
829,0,224.9,17.3,13,0.12
830,2.9,174.4,17.5,15.7,0.124
831,0.3,159.2,11.7,10.1,0.116
832,0.4,150.1,8.4,7.8,0.112
833,0,219.3,8.4,8.4,0.11
834,3.5,99.6,16.9,14.7,0.117
835,5.2,176.5,14.7,14,0.125
836,3.1,144.2,20.2,19.7,0.122
837,9.1,133.1,17.8,18.3,0.141
838,1.9,185.7,11.3,10.2,0.127
839,0,205.6,9.9,9.2,0.12
840,0,205,10.7,10.5,0.117
841,0.1,168.7,13.6,11,0.111
842,1.6,147.1,8,8.6,0.113
843,14.1,8.6,6.7,9.4,0.153
844,3.8,106.8,8.5,10,0.138
845,3.1,56.8,9.6,11.6,0.138
846,0.6,97.9,6.5,6.9,0.128
847,0,172,5.9,6.7,0.123
848,3.4,24.5,9.2,10.2,0.13
849,0.1,102.6,7.5,8.8,0.122
850,3,121.2,6.6,8.3,0.127
851,0,141.8,11.4,9.8,0.118
852,34.9,2.2,7.2,10.1,0.191
853,1.6,118.5,6.1,7.4,0.165
854,1.6,125.8,11.6,11,0.158
855,0,151.6,11.3,12.6,0.15
856,0,161.3,17.1,14.9,0.142
857,4,25.1,14.8,14.7,0.147
858,12.6,3.7,6.2,9.3,0.167
859,5.1,54.9,12.2,12.8,0.161
860,2.8,93,3.2,6,0.156
861,0.2,99.9,1.9,4.8,0.148
862,0,158,3.1,6,0.144
863,0,138.8,3.8,7.7,0.143
864,0,150.2,4,6.9,0.14
865,0,148.9,5.1,7,0.137
866,10.3,38.7,6.6,8.1,0.157
867,3,38.1,8.6,11,0.151
868,5,6.5,9.6,11.8,0.161
869,12.3,7.3,8.2,10.5,0.173
870,1.7,36,6.6,8.9,0.16
871,1.3,44.3,5.4,7.9,0.155
872,3.5,30.6,2.1,6.6,0.156
873,2.4,20.1,0,5.5,0.154
874,0.8,23.4,0.7,5.8,0.149
875,0.5,60,2.9,6.3,0.147
876,1.1,54.6,4.1,7.1,0.144
877,0.5,58.3,2.6,5.4,0.139
878,0.4,68.4,2,5.2,0.138
879,0.2,60.9,0.8,4.1,0.133
880,0.4,75.1,-0.2,4.1,0.13
881,0,111.5,-1.5,4.3,0.128
882,0,108.6,-0.4,5.7,0.127
883,2,44.8,4.2,8.1,0.147
884,12.6,2.5,6,9.3,0.163
885,11.6,7.5,4.4,8.2,0.172
886,2.1,54.6,-0.4,5.2,0.16
887,9.2,6.3,-0.7,5.5,0.169
888,0.8,55.4,-4.6,2.8,0.155
889,2.1,76.1,-3.5,3.6,0.149
890,14.3,19.4,-0.9,5.6,0.173
891,11.6,7.2,-0.6,5.6,0.178
892,1.6,35.6,-3,3.8,0.162
893,4.4,49,-3.4,3.7,0.155
894,10.5,18.1,-1.7,5.1,0.15
895,2.6,37.3,-3.4,3.9,0.146
896,0,83.2,-3.3,4.2,0.143
897,1.9,24.5,4.6,7.1,0.167
898,3,23.7,-1.5,4.9,0.153
899,0,40.3,-5.1,2.3,0.146
900,19.8,2,-0.4,5.6,0.181
901,0.8,55.7,-7,2.3,0.161
902,0,76.3,-11.9,1.4,0.155
903,2.5,18.6,-3.6,4,0.151
904,2.1,43.8,-1.7,4.8,0.146
905,2.7,7.8,-0.2,5.7,0.149
906,2.2,36.9,-7,2.9,0.143
907,0.4,63.3,-15.4,1.5,0.141
908,0.1,54.6,-12.1,1.9,0.139
909,4.4,33,-11.4,2.1,0.138
910,0.5,46,-10.5,2.4,0.137
911,0.1,53,-8.1,2.8,0.136
912,0.8,18.7,-0.2,5.6,0.134
913,13.9,3,9.3,11.4,0.2
914,7.6,30.6,0.7,6.2,0.189
915,2.1,26.7,-4,4.1,0.172
916,10.8,2.9,-2.5,4.9,0.163
917,7,12.4,-9,2.4,0.156
918,0.6,28.7,-10,2.1,0.152
919,0.5,35.3,-10.6,2.1,0.148
920,0.6,25.4,-12.8,1.9,0.145
921,0.3,53.4,-17.4,1.3,0.143
922,0.3,35.8,-11,2.1,0.141
923,1.2,22.6,-8.3,2.7,0.139
924,5.1,5.8,-6.7,3.3,0.138
925,4.4,12.8,-9.5,2.8,0.136
926,0.2,43.8,-17,1.4,0.135
927,0.1,43.9,-20.2,1,0.134
928,0,58.1,-23.4,0.8,0.133
929,0,58.8,-22.5,0.8,0.132
930,5.1,12.1,-12.5,1.9,0.131
931,2.1,16.8,-5.9,3.4,0.131
932,0.5,27.7,-8.7,2.8,0.13
933,1.6,22.1,-10.3,2.2,0.129
934,1.2,40.7,-15.5,1.5,0.129
935,0.6,26.6,-18.4,1.1,0.128
936,2,26,-11.7,2.4,0.127
937,1.5,54,-13.5,1.8,0.127
938,0.2,50.6,-13.8,1.8,0.126
939,0.4,28.8,-11.3,1.9,0.126
940,0,35.7,-11.2,2.2,0.125
941,0.3,55,-15.7,1.6,0.125
942,0.6,16.7,-6.2,3.6,0.124
943,1.5,16,-9,2.7,0.124
944,0.2,57.1,-18.4,1.2,0.123
945,0,60.7,-19.9,0.9,0.123
946,0,50.6,-18.3,1.1,0.122
947,0.2,41,-15.7,1.5,0.122
948,0,56.1,-18.8,1.2,0.122
949,3.1,6.3,-9,2.7,0.121
950,8.1,4.4,-7.2,3.2,0.121
951,1.2,35,-14.1,1.6,0.121
952,0.2,52.5,-18.7,1.1,0.12
953,0,63.8,-20.7,1,0.12
954,0.6,18,-11.5,2.3,0.12
955,0.8,38.9,-7.9,2.7,0.119
956,0.6,55.4,-3.4,3.7,0.117
957,4.3,19.4,-1,5.3,0.129
958,2.9,37.2,1.1,6,0.137
959,9.9,14.4,-9.8,2.6,0.128
960,0.2,69.3,-22,0.8,0.126
961,0.1,69.7,-19.6,1,0.125
962,0,68.1,-17.8,1,0.124
963,16.3,2.8,-2.5,4.6,0.123
964,2.2,51.8,-12.7,1.8,0.122
965,2.4,11.2,-10.9,2.5,0.121
966,0.3,37.8,-13.4,1.9,0.121
967,0.2,75.8,-17.1,1.4,0.12
968,2.2,15.4,-7.3,3.2,0.12
969,2.1,30.2,-5.4,3.6,0.118
970,2.7,16.6,-6.4,3.2,0.117
971,0.2,85.5,-16.9,1.3,0.117
972,0,76.5,-8.3,2.5,0.117
973,0.8,37.6,-3.7,3.8,0.115
974,0.1,59.2,-16.9,1.2,0.116
975,1.9,33,-12.5,1.5,0.115
976,8.1,11.5,-6.2,3.3,0.115
977,2.1,35.1,-5,3.8,0.114
978,1,21.1,-3.5,4,0.113
979,6.9,15.9,-3.4,4.4,0.113
980,2.3,58.8,-1.8,4.7,0.112
981,19.2,5.4,-2.6,4.4,0.111
982,2.3,29.4,-5.7,3.5,0.111
983,1.8,34.4,-10.9,2.1,0.111
984,0.4,99.4,-16,1.4,0.111
985,0.1,101.9,-24,0.7,0.111
986,0,117.2,-26.3,0.5,0.111
987,0,96.4,-23.4,0.7,0.111
988,0.1,97.7,-15.9,1.4,0.111
989,0.3,115,-17.6,1.1,0.11
990,0.2,124.6,-22.9,0.7,0.11
991,1.6,86.1,-11.2,2.3,0.11
992,0,120.9,-21.4,0.8,0.11
993,10.9,26.3,-19.7,0.9,0.11
994,0.4,108.3,-25.6,0.5,0.11
995,0.1,134.2,-21.6,0.9,0.109
996,1.2,105.9,-15.4,1.5,0.109
997,0.2,105.1,-18.4,1.1,0.109
998,0.2,88.1,-15.3,1.5,0.109
999,0.8,74.9,-9.1,2.7,0.109
1000,0.9,129.6,-16.8,1.3,0.109
1001,0,140.8,-23.3,0.7,0.108
1002,0.1,152.4,-22.6,0.7,0.108
1003,0.9,92.9,-21.6,0.7,0.108
1004,2.1,107.4,-19.8,0.8,0.108
1005,2.7,75.4,-14.9,1.5,0.108
1006,1.1,141.5,-14,1.6,0.108
1007,2.4,41.3,-12,2,0.107
1008,0.7,103.9,-7.5,2.5,0.107
1009,0.3,114.3,-10.6,2.1,0.107
1010,0.2,149.8,-12.4,1.9,0.107
1011,0.1,159.9,-13.4,1.8,0.107
1012,0,167.1,-14.4,1.5,0.107
1013,2.5,91,-5.3,3.2,0.107
1014,18.5,5.4,0,5.4,0.164
1015,0.3,145.3,-1.1,4.5,0.13
1016,7.2,41.1,1.2,4.5,0.15
1017,0.3,133.3,-2.2,4.2,0.136
1018,8.5,81.5,-0.3,5.2,0.151
1019,3.2,66,-4.8,3.7,0.139
1020,1.2,187.5,-9.8,1.9,0.136
1021,0.2,172.9,-13.5,1.6,0.133
1022,1.3,103.5,-12.6,1.8,0.131
1023,1.9,116,-11.9,2,0.129
1024,0,211,-9.2,2.1,0.127
1025,2.9,48.4,-3.6,4.1,0.125
1026,0.6,163.4,-1.4,4.8,0.123
1027,0.1,160.7,-1.2,4.9,0.121
1028,0,179,-1.4,4.4,0.119
1029,0.5,161.1,-0.6,4.8,0.117
1030,0.1,215.1,-5.1,3.3,0.116
1031,0,222.4,-4.1,3.7,0.114
1032,0,234.6,-1.1,3.8,0.111
1033,0.1,182.7,1.4,4.8,0.124
1034,0,130.9,0.5,4.9,0.121
1035,10.1,34.3,2.8,6.8,0.161
1036,13,26.3,3.7,6.8,0.182
1037,0.1,247.8,-3.2,3.1,0.162
1038,0,151.2,2.2,3.4,0.164
1039,5.1,28.4,1.9,5.4,0.172
1040,1.2,109.9,-0.1,5.2,0.159
1041,1.2,104.5,0.2,5.5,0.155
1042,5.8,209.4,-4.3,3.5,0.148
1043,0.8,175.2,-5.2,3,0.143
1044,0,202.7,-2.5,3.6,0.139
1045,0.3,233.6,1,4.3,0.143
1046,0,273.4,1,4.1,0.144
1047,1.3,200.6,8.4,7.8,0.181
1048,16,22.9,2.3,7.1,0.198
1049,0.1,253.4,0.4,4.7,0.178
1050,2.4,99.8,2.4,6,0.18
1051,1.9,132.1,2.5,5.9,0.179
1052,0,280.7,1.9,5.3,0.174
1053,0,290.2,4.1,5.5,0.18
1054,0,294,6.9,4.9,0.192
1055,0,294.1,4,4.6,0.187
1056,0,296.4,6.2,4.8,0.193
1057,0,288.5,5.5,5.4,0.193
1058,0.5,97.3,5.1,6.5,0.192
1059,0.5,142.5,6,7.8,0.196
1060,6.1,203.9,-2.6,3.4,0.173
1061,0.2,280.3,-2.1,2.2,0.162
1062,0.1,268.3,-4.8,2.3,0.154
1063,0,319.5,-2,2.7,0.148
1064,0,313.9,3.7,4,0.164
1065,0,311.6,7.6,5.9,0.185
1066,0,313.5,9.9,6.8,0.204
1067,0,310.4,7.5,6.4,0.206
1068,3.4,122.7,6.4,9,0.206
1069,8.2,157.7,10.2,10.6,0.221
1070,0.5,146.6,3.5,6.1,0.198
1071,0.4,248.8,0.1,3.4,0.176
1072,0,332.7,0.1,2.7,0.166
1073,0,290.1,5.9,4.3,0.183
1074,0,300.3,14.4,8.3,0.178
1075,0,281.6,12.8,10.1,0.162
1076,1.5,112.7,11.7,12.5,0.157
1077,1.2,150.3,12.3,12.1,0.151
1078,1.1,313.2,14.1,7.8,0.142
1079,0,333,15.3,8,0.133
1080,0,333.5,15.6,9.4,0.128
1081,0.1,280.3,15.4,9.3,0.122
1084,0,202.3,9.8,8.7,0.115
1090,5.9,137.3,12.5,11.5,0.139
1091,2.9,103.7,10,9.5,0.135
1092,0,351.1,11.1,6.9,0.124
1093,0.1,195.7,15,10.3,0.119
1094,1.8,275.8,15.5,11.9,0.119
1095,6.7,81.6,13.3,14,0.137
1096,7.5,191.2,19.4,19.5,0.143
1097,0.4,296.2,14.8,10.1,0.127
1098,1.5,355.1,13.4,8.2,0.122
1099,0,357.7,15.1,7.7,0.112
1100,0,354.1,17.3,10.3,0.105
1101,0,238.7,18.2,12.3,0.1
1102,0,281.4,20.6,13.1,0.092
1103,2.9,281.3,19.9,16.7,0.102
1104,0,294.5,17.8,12.1,0.091
1105,11.8,16.2,9.8,11.8,0.141
1106,5.7,56.1,8.5,10.7,0.133
1107,0.7,208,13.3,11.9,0.119
1108,0.2,252.1,16.1,11.1,0.11
1109,0.1,254.1,14.6,8.1,0.101
1110,0,302.4,15.9,8.4,0.092
1111,0.3,252.5,17.2,10.9,0.084
1112,0,323.8,21.1,12.9,0.071
1113,5.3,193,20.3,21,0.103
1114,13,278.2,23.3,21.4,0.141
1115,4.9,205.9,19.3,18.5,0.126
1116,2,344.7,12.6,7.7,0.113
1117,0,341.8,17.9,9.7,0.099
1118,5.5,112.8,13,12.3,0.12
1119,0,351.4,11.9,6.8,0.101
1120,0.6,253.3,15.3,9.4,0.092
1121,0.4,322.7,16.2,10.8,0.084
1122,0,358.4,18.6,10.1,0.069
1123,8.4,81.1,16.9,15.9,0.114
1124,4.1,194.2,18.6,17.5,0.112
1125,0,202.1,17.2,11.6,0.093
1126,0,303.4,13.5,8.4,0.083
1127,0.4,286.4,11.7,8.4,0.076
1128,19.7,24.3,10.4,11.9,0.171
1129,5.7,244.3,15.3,16.5,0.136
1130,2.8,243.5,16.9,15.1,0.125
1131,11.4,178.4,13.7,12.7,0.148
1132,1.8,172.3,15.6,12.1,0.131
1133,1.2,239.9,18.7,14.2,0.124
1134,0,325.6,23,13.9,0.111
1135,2,159.7,19,13.4,0.111
1136,0,344,17.1,11.3,0.101
1137,0,338.8,20.3,13.4,0.091
1138,0,341,19.2,14,0.084
1139,0.1,299.7,22.7,15,0.07
1140,0,287.3,23.5,19.4,0.059
1141,9.4,193.6,20.3,20.7,0.112
1142,2.4,259.7,19.5,18.9,0.103
1143,8.1,200.2,20.2,21.2,0.126
1144,11.7,302.5,16,11.5,0.141
1145,0,320.3,19.9,11.9,0.107
1146,2,239.6,19.7,16.2,0.108
1147,12.4,309.5,15,10.9,0.141
1148,0,249.8,16.8,11.1,0.113
1149,0.2,285.7,16.1,10.6,0.104
1150,0,297.1,17.9,10.9,0.095
1151,10.3,132.1,16,17.8,0.137
1152,1.1,184.5,19.7,18,0.114
1153,28,65.2,19.1,21.8,0.183
1154,1,283,20.2,19.1,0.149
1155,2.1,258.1,14.5,11.8,0.146
1156,0.1,288.5,15.6,10.3,0.137
1157,0.1,277.6,19.1,14.3,0.129
1158,5.7,156.2,21.1,23,0.141
1159,0.1,212,18.9,13.5,0.126
1160,0,309.5,18.7,13.1,0.118
1161,9.4,170.1,14.9,13.8,0.142
1162,0.5,242,14.6,10,0.122
1163,0.7,162.2,19.7,13.5,0.114
1164,13.5,172.5,15.5,16.9,0.152
1165,0.2,271.8,14.3,10,0.127
1166,6.3,89.9,14.1,14.6,0.141
1167,1.3,226.7,12.3,10.2,0.129
1168,1.4,199.8,11.3,8.9,0.124
1169,0.4,191.3,12,8.6,0.116
1170,0,297.9,13.1,8.9,0.109
1171,14.7,17.2,14.7,14.4,0.152
1172,7.9,122.6,14.2,15.1,0.148
1173,0.8,147.4,14.4,11.4,0.133
1174,0,256.4,17.3,13.1,0.125
1175,0.6,223.5,19.5,15,0.117
1176,3.1,199.4,13.4,11.8,0.123
1177,0,238.3,14.6,9.6,0.111
1178,0,269.2,16,11.1,0.104
1179,2.4,182.2,10.7,9.3,0.11
1180,0.9,181.1,9.3,7.3,0.103
1181,0.2,181.7,8.5,7.3,0.098
1182,0.1,223.3,9.7,7.5,0.093
1183,0,266.3,11,8.4,0.087
1184,14.5,25.2,12.2,12.4,0.148
1185,0.8,157.3,14.3,12.9,0.114
1186,2.9,134.6,12,11.9,0.117
1187,0.1,191,9,7.8,0.107
1188,0,234.9,11.7,10,0.102
1189,0,248.3,11.8,9.9,0.097
1190,0,242.1,13,11.1,0.093
1191,1.2,79.8,12.4,13,0.097
1192,0.2,222,14.6,12.4,0.09
1193,4.2,191.2,13.8,14.6,0.108
1194,3.7,198.3,7.8,8.1,0.109
1195,0,236.8,10.8,7.5,0.093
1196,8,27.5,10.7,12.6,0.126
1197,0.5,177.6,7,6.4,0.104
1198,0.3,175.7,5.9,6.7,0.098
1199,0,223.1,6.7,7.2,0.094
1200,0,222.3,7.1,8,0.092
1201,0,201.7,9.1,8.9,0.088
1202,0,195.5,11.4,10.5,0.085
1203,0,205.2,14.2,12.1,0.08
1204,0,187.1,12.5,12.3,0.079
1205,17.2,25.4,11.4,13.2,0.164
1206,37.1,5.6,11.5,13.5,0.274
1207,12.6,119.5,13.2,14.1,0.188
1208,1.2,92.8,7.1,8.4,0.18
1209,1.6,116.1,5.1,5.6,0.175
1210,0,167.6,5.2,6.2,0.168
1211,6,22.9,8.1,10.6,0.175
1212,6.3,32.6,4.7,7.4,0.177
1213,0.7,128.3,5.1,6.5,0.167
1214,6.5,64.3,5.9,8.4,0.171
1215,8.4,52.9,8.7,10.6,0.176
1216,23.6,25.5,8.8,11.3,0.202
1217,9.1,25.1,3.4,7.3,0.192
1218,0.2,134.8,4.1,5.5,0.173
1219,3.8,63.8,6.5,8.6,0.174
1220,1.5,107.1,8.6,9.8,0.169
1221,0.5,120.8,10.3,10.2,0.165
1222,6.2,30.7,4.7,8,0.174
1223,0.8,104.5,2.6,5.7,0.167
1224,0,161.9,2.1,5.2,0.164
1225,0.4,131.2,6.4,6.8,0.161
1226,1.7,136.7,11.4,8.9,0.159
1227,0,148.4,7.2,5.9,0.155
1228,0,149.1,-0.4,4.4,0.153
1229,6.8,25.7,4.5,7.2,0.164
1230,17.7,4.6,6.5,9.4,0.186
1231,1.1,128.9,0,4.5,0.169
1232,4.2,37.9,1.7,6.2,0.171
1233,1.4,79.6,0.3,5,0.168
1234,0.8,99.4,0.2,5,0.166
1235,0.5,22.6,4,6.6,0.165
1236,9.1,8.2,6.1,9.3,0.176
1237,8.5,7,5.8,9.2,0.18
1238,0.7,63.8,1.4,5.6,0.169
1239,0,108.4,0.2,3.9,0.164
1240,0,126.4,-1.8,4,0.161
1241,0.7,32.4,0.2,5.9,0.16
1242,2.7,35.9,2.2,6.9,0.161
1243,3.5,35.6,1.9,6.7,0.163
1244,1.6,59.2,0.7,5.6,0.157
1245,0.5,60.1,-1.2,4.6,0.151
1246,9.4,13.4,-0.4,5.4,0.166
1247,21.3,6.6,0.3,6.1,0.191
1248,8.6,21.2,-0.6,4.9,0.183
1249,0.8,50.5,0,6,0.169
1250,0.9,83.9,-1.2,4,0.16
1270,0.5,58.2,-4.2,3.3,0.152
1271,0,68.2,-1.2,5.2,0.149
1272,0,69.8,1.1,4.6,0.15
1273,0,60.6,-5.4,3.4,0.145
1274,0,52.3,-0.2,5,0.141
1275,0,58.7,-3.1,4,0.139
1276,0,46.7,-8,2.3,0.136
1277,0,65.4,-7.2,2.2,0.136
1278,9.9,6.1,2.6,7.4,0.169
1279,9,6.2,-0.7,6,0.169
1280,0.4,52.3,-6.8,2.4,0.155
1281,9.9,12.9,-7.7,2.4,0.149
1282,0.5,43.5,-10.2,2.2,0.146
1283,0.9,39.7,-13.8,1.9,0.144
1284,0.2,50.1,-15.1,1.5,0.141
1285,3.1,8.5,-5.9,3.4,0.139
1286,2.2,26,-10.8,2.2,0.138
1287,0.3,54.4,-14.7,1.5,0.136
1288,1.7,16.1,-3.3,4.1,0.135
1289,1.4,23.3,-1.4,4.6,0.133
1290,0.1,50.9,-10.6,2.4,0.132
1291,0,58.7,-9.8,2.3,0.131
1292,6.2,3.3,2.2,6.4,0.157
1293,2,18.6,0.6,5.9,0.15
1294,3.8,11.6,1.5,6.7,0.159
1295,0.5,36,-5.7,3.4,0.148
1296,6.5,12.9,0,5.4,0.157
1297,0.4,36.5,-8.8,2.7,0.147
1298,0.1,44.4,-14.1,1.6,0.144
1299,0.1,21.4,-3.1,3.4,0.142
1300,0.6,33.1,-7.4,2.6,0.138
1301,0,52.8,-10.7,2.2,0.137
1302,5.5,2.1,-2.4,4.8,0.135
1303,2.2,34.4,-3.3,4.1,0.133
1304,0.1,52.4,-6,3.4,0.132
1305,2.2,16.7,-10,2.4,0.131
1306,0.3,40.2,-13.3,1.8,0.13
1307,0.1,55.1,-18.3,1.2,0.129
1308,0,53.9,-16.4,1.2,0.129
1309,0.3,22.3,-8.8,2.4,0.128
1310,0.3,45.7,-9.6,2.5,0.128
1311,11,3,-3.4,4.2,0.126
1312,0.6,50.1,-8.3,2.5,0.125
1313,0.7,19.2,-1.4,4.3,0.123
1314,0.2,36.2,2.1,5.6,0.137
1315,5.5,3.1,2.9,7.1,0.159
1316,7,5.5,0.4,6,0.16
1317,1.1,44.7,-6.4,3.3,0.148
1318,8.3,5.6,-3.8,4.2,0.144
1319,2.6,17.7,-6.3,3.4,0.14
1320,1,24.8,-14.4,1.6,0.138
1321,3.3,17.8,-13.7,1.9,0.136
1322,5,8.7,-7,3.5,0.134
1323,1.1,69.9,-21.6,0.9,0.133
1324,0,54.4,-18.8,1,0.132
1325,0.3,35.1,-22.2,0.8,0.131
1326,0.1,70,-26.3,0.6,0.13
1327,0,75.9,-25.4,0.6,0.129
1328,3.8,23.3,-6.7,2.8,0.128
1329,1.4,15.5,-8.7,2.7,0.127
1330,0.4,71.9,-20.2,0.9,0.127
1331,0.1,77.4,-20.9,0.9,0.126
1332,0.6,25.9,-13.2,1.9,0.125
1333,1.5,22.5,-6.9,3.1,0.125
1334,2,81.1,-21.1,0.8,0.124
1335,0,80.3,-26,0.5,0.124
1336,0.1,68.6,-26.2,0.5,0.123
1337,0,72,-23.2,0.6,0.123
1338,0.1,88.4,-22.6,0.7,0.122
1339,0,93.1,-27.5,0.4,0.122
1340,0,96,-28.1,0.4,0.121
1341,0.4,63.6,-24.3,0.6,0.121
1342,1.2,31.7,-14.8,1.6,0.121
1343,1.7,43.7,-7.5,2.9,0.12
1344,2.7,86.1,-14.5,1.5,0.12
1345,0,105.3,-25.8,0.5,0.12
1346,0.8,42.7,-25.4,0.5,0.119
1347,0.4,96.1,-20.4,0.7,0.119
1348,0.4,91.5,-20.8,0.8,0.119
1349,0.8,63.1,-19.5,0.9,0.118
1350,1.9,40,-15.7,1.2,0.118
1351,0.5,80.2,-19.9,0.9,0.118
1352,0.3,83.7,-19.4,1.1,0.117
1353,0.7,110.4,-22.3,0.7,0.117
1354,0.1,107.8,-24.1,0.6,0.117
1355,0.7,50.2,-20.1,0.9,0.116
1356,6.2,32.4,-19.7,0.9,0.116
1357,2.4,43.6,-17.2,1.1,0.116
1358,0.3,91.5,-14.3,1.5,0.116
1359,0.5,116.3,-21.3,0.8,0.115
1360,0,140.5,-26.1,0.4,0.115
1361,1.2,71.1,-18.3,1.1,0.115
1362,0.1,142.1,-19.9,0.9,0.115
1363,0,138.7,-19.4,0.8,0.114
1364,0.8,58.8,-18.2,1,0.114
1365,0.3,105.9,-14.1,1.3,0.114
1366,0,153,-16.8,1.1,0.114
1367,0,153,-17.3,1.3,0.113
1368,0,155.2,-16.8,1.3,0.113
1369,0,157.5,-16.8,1.3,0.113
1370,0,162.7,-18.7,1.1,0.113
1371,4.5,90.9,-12.1,2,0.112
1372,3.2,85.3,-5.6,3.3,0.112
1373,0.8,84,-8.6,2.7,0.112
1374,1.1,90.6,-19,1.1,0.112
1375,0.3,176.7,-27,0.4,0.112
1376,0.3,143.8,-23.8,0.6,0.111
1377,0,184.5,-27.8,0.4,0.111
1378,1.7,87.9,-18.9,1,0.111
1379,5,41.8,-6.4,2.9,0.111
1380,0.7,142.3,-7,2.5,0.111
1381,0.3,155.4,-9.8,2.2,0.11
1382,2.3,60.1,-4.5,4.3,0.11
1383,2.7,123.4,-0.6,5.1,0.116
1384,0.2,193.7,-16.5,1.1,0.113
1385,0,203.1,-18.3,1.1,0.112
1386,2.3,92.2,-11.5,1.7,0.111
1387,2,142.9,-11.4,1.6,0.111
1388,2.1,115.4,-11.7,2.3,0.111
1389,3.1,200,-15.1,1.2,0.11
1390,0.3,66.7,-9.3,1.3,0.11
1391,7.8,13.2,0.8,5.9,0.14
1392,0.3,192.3,-7.6,2.4,0.121
1393,0.4,160.2,-6.3,3.3,0.119
1394,0.3,180.4,1.5,5.3,0.13
1395,6.5,63.2,2.5,6.7,0.154
1396,0.8,66.8,0.9,5.6,0.143
1397,0.2,235.2,-8.2,1.6,0.134
1398,0,236,-5.2,2.8,0.13
1399,1.8,223.3,-4.2,3.2,0.126
1400,0,233.2,-6.4,2.4,0.123
1401,0,233.2,-0.7,3.7,0.119
1402,7.8,25,1,5.6,0.147
1403,6.1,37.5,1,6.4,0.152
1404,3.5,103.9,0.2,5.3,0.148
1405,8.1,72,-1.7,4.8,0.14
1406,4,97.5,-0.9,5.2,0.145
1407,2.6,120.9,-4.1,4,0.137
1408,2.6,194.3,-1.5,3.9,0.133
1409,1.3,197.3,-2.6,3.8,0.129
1410,0.4,250,-5.4,2.9,0.127
1411,0,279.1,-7.3,2.8,0.126
1412,0,197.6,-2.5,3.1,0.122
1413,4.2,98.3,0.8,5.4,0.138
1414,0,245.5,0.7,4.6,0.133
1415,0.2,126.3,0.6,5.6,0.133
1416,0.4,169.5,1.8,4.7,0.14
1417,0.3,174.5,2.5,4.3,0.146
1418,0,282.1,2.6,4.5,0.152
1419,0,292.6,4.4,4.5,0.164
1420,0,292.6,5,4.9,0.174
1421,0,269.7,5.4,5.3,0.184
1422,1.2,121,10.3,7.1,0.208
1423,7.5,191.5,7.1,9.2,0.217
1424,1.2,285.9,-1.1,3,0.183
1425,0,312.7,-0.3,2.7,0.169
1426,0,300.8,2.1,3.7,0.171
1427,0,234.8,5.6,5.5,0.184
1428,0,309.7,7.6,7.2,0.197
1429,0,242.9,7.4,6.9,0.201
1430,9.5,21.7,3.3,7.5,0.202
1431,0.4,269.5,1.1,4.7,0.182
1432,0,308.9,2.9,4.1,0.18
1433,0,294.2,3,4.1,0.178
1434,0,321,2.5,4.1,0.171
1435,0,331.1,1.4,3.3,0.158
1436,0,321.2,5.1,4.1,0.149
1437,0,297.6,13.9,4.3,0.137
1438,0.8,201,14.7,9,0.137
1439,0,305.7,14.4,8.1,0.128
1440,0,295.2,16.2,10.1,0.123
1441,1.3,304.4,5,4.9,0.123
1442,0,343.3,1,2.7,0.118
1443,0,305.6,3.4,3.6,0.114
1444,0,311.9,10.6,5.7,0.108
1445,4.1,241.5,7.7,6.2,0.12
1446,0,344.1,5.1,2.8,0.107
1447,0,346.2,7.7,3.9,0.101
1448,0,345,11.9,5.2,0.092
1449,0.5,185.6,4.3,5.9,0.096
1450,4.8,161.8,3.5,4,0.112
1451,0,353.5,5.7,3.7,0.098
1452,0,277.6,8.6,4.8,0.09
1453,2.3,290.1,17,9.9,0.09
1454,0,291.8,23.9,12,0.07
1455,0.3,299,22.1,10.2,0.045
1456,0,353,7.9,4.1,0.027
1457,1,277.2,10.9,6.8,0.014
1458,5.6,67.3,10.3,11.7,0.048
1459,0,312.4,13.8,7.9,0.03
1460,1.3,207.6,13.6,11.1,0.024
1461,0.4,178.5,13.7,12.4,0.016
1462,0.1,351.7,15.4,8.2,0.012
1463,0,345.4,13.5,6.6,0.012
1464,1.9,248.6,14.9,10.9,0.014
1465,15.1,54.8,13.3,14.5,0.115
1466,10.3,34,5.6,9,0.142
1467,13.5,126.9,4.7,6.4,0.152
1468,0.5,357,11.5,8,0.121
1469,3.7,287.5,18.4,17.2,0.127
1470,7.9,347.9,15,11.3,0.137
1471,0,359.8,18.9,13.9,0.119
1472,0,355.2,21.6,13.9,0.108
1473,0,299.1,22.4,13.2,0.097
1474,0,305.9,22.5,15.7,0.089
1475,0,281.6,22.6,14.1,0.076
1476,0.8,281.7,24.1,18.6,0.066
1477,2.2,297.2,22,20.4,0.072
1478,2,363.4,14.3,7.3,0.067
1479,0,350.2,18.6,9.5,0.045
1480,6.2,202.5,19.4,16.7,0.077
1481,6.2,214.2,14.8,11.8,0.102
1482,0,291.7,14.9,8.2,0.08
1483,0.1,225.4,12.6,7.3,0.066
1484,0,282.3,12.1,6.9,0.051
1485,0,364.9,14.9,7.8,0.031
1486,5.2,262.4,17,14.6,0.054
1487,3.7,286.8,17.5,12.6,0.063
1488,9.9,105.6,12.7,11.7,0.114
1489,0.9,243.8,10.1,8.1,0.091
1490,2,212.5,11.4,7.7,0.084
1491,0.5,153.9,8.5,8.3,0.078
1492,3.7,209.1,10.5,9.7,0.09
1493,2.1,248.8,12.7,9.6,0.085
1494,0,291.6,16.4,11.2,0.07
1495,1.3,80.4,14.5,13.1,0.07
1496,8.4,103.3,14.3,15.6,0.114
1497,0.9,262.3,13.6,10.5,0.091
1498,4.5,188.4,11.7,10.4,0.101
1499,0.3,353.8,13.9,11.9,0.086
1500,10.8,76.7,15.1,13.9,0.13
1501,0.4,293.5,15.6,11.6,0.098
1502,18.2,119.9,17.4,18.1,0.17
1503,0.8,234.4,15.3,11.1,0.116
1504,2.4,211,14.2,11.2,0.114
1505,2.1,231.2,14.1,11.7,0.113
1506,16.5,113.8,12.4,14.2,0.159
1507,7.4,218.4,12.7,14,0.15
1508,8.2,201.7,13.7,13.3,0.158
1509,7,264.9,14.5,11.6,0.161
1510,0,325.5,14.9,9.1,0.149
1511,0,259.9,15.7,9.7,0.142
1512,0,321.2,16,10.2,0.134
1513,0,326.6,18.9,11.1,0.126
1514,0,323.6,21.7,12.8,0.116
1515,2.2,228,20.7,17.9,0.119
1516,0,316.3,24.1,17.4,0.106
1517,0,317.9,24.2,15.2,0.094
1518,0.1,267.3,20.5,16.1,0.09
1519,0.1,286.2,17.7,12.2,0.082
1520,0,323,16.8,11.1,0.072
1521,2.7,230.1,17.4,15.2,0.082
1522,0.2,319.9,15.7,11.9,0.073
1523,0.5,187.4,18.4,15.1,0.066
1524,5.2,172.9,21.7,21,0.091
1525,8,242.9,16.8,18.3,0.122
1526,1.9,160.1,13.7,12,0.103
1527,0,305.5,15.2,10.1,0.085
1528,3.2,168.8,15.6,14,0.094
1529,0.1,281.9,13.9,10.1,0.081
1530,25,79.9,12.2,11.7,0.204
1531,0,300.6,15.3,11.5,0.124
1532,0.3,201.1,16.4,15.3,0.113
1533,0.5,247.2,16.2,12.9,0.106
1534,3.2,126.4,15.5,14.2,0.114
1535,3.2,48.3,10.6,11.2,0.118
1536,1.9,110.3,11.2,11.2,0.114
1537,8.2,152.8,12.3,12,0.134
1538,12.6,69,10.7,9.5,0.151
1539,5.5,166.4,10.2,10.2,0.146
1540,1,148.4,8.1,7.9,0.138
1541,0.4,182.8,9.3,8,0.133
1542,0,254.4,9.5,8.3,0.129
1543,0,275.5,11.4,9.6,0.124
1544,0.5,246.6,14.9,10.9,0.118
1545,1.7,103.2,16.5,15.5,0.12
1546,13.9,55.6,16.8,19,0.155
1547,1,105.7,15.3,15.9,0.137
1548,5.7,252.1,13.2,10.9,0.144
1549,0,259,14.3,9.7,0.132
1550,0.7,173.1,18,13.7,0.127
1551,5,101.3,15.2,14,0.137
1552,0,255.9,11.7,9.4,0.126
1553,5.2,101.4,10.4,10.5,0.137
1554,0,232.6,9.3,8.4,0.126
1555,0,205.9,15.9,11.8,0.119
1556,1.7,96.4,12.3,10.6,0.12
1557,0,238.8,8.7,7.1,0.112
1558,0,231.3,8.7,7.3,0.107
1559,4.9,84.8,18.3,15.8,0.119
1560,20.4,80.9,18.9,21.2,0.168
1561,5.3,115.5,8.9,8.9,0.15
1562,0,148.7,9,8.5,0.141
1563,2.2,128.7,8.3,9.3,0.142
1564,7.7,52.4,7.9,9.5,0.154
1565,8.6,101.5,6.3,8.4,0.162
1566,0.1,195.2,4.9,5.1,0.15
1567,7.9,142.2,12.1,12.9,0.162
1568,8.1,121.5,5.6,6.8,0.168
1569,0,197.3,6.9,6.5,0.156
1570,0.2,203,11.7,8.9,0.148
1571,0,156.4,13.4,9.9,0.14
1572,1.7,150.7,17.8,13.6,0.135
1573,0.7,139.5,11.4,10.6,0.129
1574,0.1,156.9,12.7,11.1,0.124
1575,6.6,75,15.4,12.2,0.136
1576,0,182.4,9.2,5.5,0.121
1577,0.6,149.5,7.6,6.8,0.117
1578,9.2,80.8,17,18.4,0.143
1579,11.2,46.6,8.9,10.4,0.155
1580,0.2,106.9,8.7,9.1,0.139
1581,0.3,134.5,8.8,10,0.135
1582,0.8,161.5,3.8,5.9,0.131
1583,0,163.5,8.9,7.7,0.126
1584,4,76.5,13.7,12.8,0.134
1585,1.5,145.4,14.6,13.3,0.129
1586,3.5,83.3,14.1,14.5,0.135
1587,0,163.5,11.3,8,0.124
1588,0.1,155.4,11.9,8.1,0.119
1589,0.3,55.3,5,5,0.117
1590,0.6,120.1,2.7,5,0.116
1591,9.8,25.4,4.7,8.4,0.145
1592,0.1,108,5,7.5,0.129
1593,1.5,30.5,7,9,0.129
1594,15.9,5.3,6.2,9.4,0.163
1595,37.4,2.6,5.8,9.2,0.208
1596,14.6,31.9,2.1,6.9,0.205
1597,0.6,57.9,2.7,6.7,0.18
1598,0.8,53.9,4.1,6.9,0.176
1599,0.2,86.9,1.5,5.6,0.169
1600,0,134.8,1.1,6.1,0.167
1601,0.1,79.2,4.2,8.2,0.166
1602,23,32.3,12.6,14.6,0.198
1603,10.3,22.6,10,11.8,0.189
1604,1.9,116.5,9.9,10,0.175
1605,0.7,98.8,13.4,13.3,0.17
1606,10.6,23,4.8,8.4,0.183
1607,2.1,53,1.6,6.7,0.174
1608,0.5,78.1,1.6,5.5,0.17
1609,0,115,4.1,6.9,0.166
1610,8.1,10.5,5.4,8.9,0.185
1611,4,49.8,-1.6,4.5,0.171
1612,3.6,37.3,-1.4,4.8,0.167
1613,0.8,91.3,-1.4,4.6,0.163
1614,0.2,60,5.9,7.6,0.176
1615,5.4,57.4,0.3,5.4,0.174
1616,0.1,101.8,-1.4,3.5,0.164
1617,0,84.8,0.7,4.7,0.16
1618,0.2,83.8,-0.8,5,0.156
1619,1.1,60.3,-1.3,4.5,0.151
1620,8.4,7.3,0.1,5.7,0.164
1621,2.2,16.3,-1.3,5.3,0.154
1622,1,70.3,-4.3,3.2,0.148
1623,0,63.6,-4.7,2.8,0.143
1624,0.1,65.2,-4.2,3,0.139
1625,0.1,60.3,-4.2,3.2,0.136
1626,3.9,44.6,-1.4,4.9,0.135
1627,4.1,33.6,0.9,5.9,0.148
1628,2.8,30,4.5,6,0.167
1629,0.7,31,-0.3,5.8,0.152
1630,1.6,36.9,-3.3,4.1,0.147
1631,4.6,17.6,-3.9,3.6,0.144
1632,0.3,69.9,-6.5,2.6,0.14
1633,0,75.3,-4.4,2.7,0.136
1634,9.7,8.6,-0.9,5.3,0.157
1635,2.2,13.3,-6.1,3.5,0.145
1636,0.4,32.2,-10.6,2.2,0.142
1637,0.1,68.2,-13.6,1.8,0.14
1638,0.4,56.3,-12.7,2.1,0.139
1639,4.8,30.2,-3.2,4.1,0.137
1640,5.7,24.1,-3.9,4.3,0.136
1641,3,23.9,-11.3,2.2,0.135
1642,0.1,54.7,-14.6,1.7,0.134
1643,5.9,13.6,-6.7,3.1,0.133
1644,0.6,52.2,-13.7,1.7,0.133
1645,0.2,54.5,-18.5,1.1,0.132
1646,0,30.7,-17.9,1.2,0.132
1647,8.9,9.1,-9.1,2.5,0.131
1648,3.4,13.3,-5.6,3.6,0.131
1649,1.2,41.9,-13.5,1.8,0.131
1650,0.4,41.6,-16,1.4,0.13
1651,1.5,9.7,-8.7,2.6,0.13
1652,2.7,48.4,-14.3,1.7,0.13
1653,0.1,47.5,-19.4,1.1,0.129
1654,0.1,39.7,-13.1,1.9,0.129
1655,2.1,18.3,-9.5,2.7,0.129
1656,2.1,36.4,-14.1,1.6,0.129
1657,0.6,41.1,-19.4,1,0.129
1658,3.1,10.3,-17.3,1.2,0.129
1659,0.1,56.8,-21.7,0.9,0.128
1660,1.8,16.6,-18.9,1,0.128
1661,2.1,46.9,-16.8,1.2,0.128
1662,0.1,52.7,-20.9,0.9,0.128
1663,0,47.8,-21.8,0.8,0.128
1664,0,57.6,-19.6,1,0.128
1665,0,50,-12.5,2.2,0.127
1666,0.4,26.2,-4,4,0.127
1667,14.1,10.5,1.5,6.4,0.167
1668,12.1,8.8,-4.4,3.8,0.147
1669,0.5,49.2,-9.6,1.8,0.144
1670,1,40,-8.6,2.8,0.141
1671,1.9,13.9,-8.8,2.6,0.139
1672,1.7,43.2,-10,2.5,0.138
1673,7.9,6.3,-6.9,3.1,0.136
1674,0.5,51.8,-16.6,1.3,0.135
1675,0.5,26.2,-13.8,1.8,0.134
1676,0.2,56.2,-19.1,1.1,0.133
1677,0.1,50.2,-23.5,0.7,0.133
1678,0.1,61.6,-22.6,0.6,0.132
1679,2.8,33.9,-5.7,3.1,0.131
1680,0.8,22.2,-5,3.6,0.13
1681,0.8,25.8,0.6,5.7,0.134
1682,1.2,12.3,2.5,7,0.149
1683,2.1,10.1,1,6.4,0.149
1684,18.4,1.9,2.9,7.4,0.189
1685,6.6,37.1,-8.5,2.6,0.167
1686,5.3,9.2,-7.9,2.9,0.159
1687,4.2,25.1,-7.2,3.3,0.154
1688,0.1,62.1,-16.8,1.3,0.15
1689,0,31.2,-14.9,1.4,0.146
1690,0,61.8,-17,1.4,0.144
1691,0,70.6,-19,1.1,0.142
1692,0.9,17.9,-7.5,2.6,0.14
1693,6,13.7,-8.3,2.6,0.138
1694,0.2,67.5,-22.3,0.8,0.137
1695,0,77.2,-30.6,0.4,0.136
1696,0,80.3,-26.2,0.5,0.135
1697,0.5,49,-18.8,1.1,0.134
1698,1,45.9,-20.3,1.1,0.133
1699,0.1,79.1,-24.9,0.6,0.132
1700,0.7,45,-18.9,1,0.132
1701,0.3,74.3,-17.1,1.2,0.131
1702,0,62.8,-13.9,1.7,0.13
1703,0.1,74.4,-8.2,2.8,0.13
1704,3.2,9,-4.1,3.5,0.128
1705,10.5,5.3,-3.6,3.8,0.126
1706,0.6,90.4,-18.3,0.9,0.127
1707,1,49.1,-16.4,1.4,0.126
1708,6.5,62.2,-12.8,1.9,0.126
1709,0.6,42,-13.3,1.9,0.126
1710,0.1,77,-11.8,2.2,0.125
1711,2.3,19.6,-9.4,2.6,0.125
1712,0.3,101.3,-17.1,1.3,0.125
1713,0,109.9,-21.9,0.9,0.124
1714,0,102.3,-14.6,1.6,0.124
1715,0,81.8,-12.3,2.1,0.123
1716,2.5,19.7,-6.8,3.2,0.123
1717,2.1,50.7,-12.3,1.8,0.123
1718,0.1,117.4,-20.8,0.9,0.122
1719,2.9,40.8,-14.3,1.6,0.122
1720,0.1,84.9,-17.4,1.2,0.122
1721,0.7,122.2,-21.5,0.8,0.121
1722,0,128.6,-22.4,0.8,0.121
1723,4.6,32.3,-8.7,2.6,0.121
1724,13.6,15.5,0.6,5.8,0.158
1725,0.5,95.6,-16.1,1.3,0.139
1726,0.4,116.2,-20.4,0.9,0.136
1727,0,140.7,-20.8,0.8,0.133
1728,0,130.6,-15,1.6,0.131
1729,0,123,-11.2,2,0.13
1730,0.2,105.4,-7.4,2.9,0.129
1731,0.5,108.4,-10.1,2.3,0.128
1732,0,152.4,-20.9,0.9,0.127
1733,0,159.2,-23.9,0.6,0.126
1734,0,162.5,-25.7,0.6,0.125
1735,0,159.2,-22.3,0.8,0.124
1736,1.1,61.8,-14.9,1.5,0.123
1737,0,167,-14.3,1.5,0.123
1738,10,11,-3.3,4.2,0.122
1739,0.6,171.8,-16.8,1.2,0.122
1740,6.2,44.6,-18.3,1,0.121
1741,0.4,94.8,-11.4,2,0.121
1742,1.7,123,-9,2.5,0.12
1743,0.1,185.3,-17,0.9,0.12
1744,3.1,160.7,-16.1,1.1,0.119
1745,0,191,-16.7,1.1,0.119
1746,1.3,119.1,-6.1,3.1,0.119
1747,2,191.8,-14.9,1.4,0.118
1748,0,196.5,-19.1,1,0.118
1749,0.2,110.4,-10.8,1.8,0.118
1750,4,64.4,-5.4,3.7,0.117
1751,0.5,148.3,-9.4,2.2,0.117
1752,0,206.8,-13.3,1.8,0.117
1753,0,157.4,-5.9,2.3,0.116
1754,5.5,33.4,-2.6,4.4,0.115
1755,2.2,88.8,-5.2,3.7,0.114
1756,3.1,115.9,-15.2,1.3,0.114
1757,3.5,102.5,-15.3,1.2,0.114
1758,0.3,226.5,-20.1,0.8,0.114
1759,0,229.8,-19.9,0.9,0.114
1760,0.2,185.1,-6.9,2.3,0.114
1761,3,180.8,-6.6,2.9,0.113
1762,0.1,215.9,-12.1,1.9,0.113
1763,0.3,206.3,-14,1.5,0.113
1764,0,241.8,-12.5,1.7,0.113
1765,0,239.5,-8.8,2.1,0.113
1766,2,94,-1.6,4.5,0.11
1767,19.5,11.5,-0.9,5.3,0.166
1768,2.5,241.1,-9.6,1.8,0.136
1769,1.5,203.2,-3.5,3.6,0.131
1770,0.3,218.8,0.5,4.6,0.132
1771,0,240.2,-0.6,3.6,0.125
1772,0,253.2,4.2,4.8,0.151
1773,0,246.2,3.7,5.3,0.157
1774,5.2,83.3,2.9,5.7,0.169
1775,1.9,191.8,3.7,7.2,0.176
1776,3.5,76.1,-0.1,5.3,0.167
1777,0.2,223.8,-1.4,3.8,0.156
1778,0.3,170,-2.1,3.5,0.149
1779,1.6,125.6,-1.1,4.2,0.144
1780,0.1,258.7,-2.1,3.4,0.139
1781,0,253.8,1.9,2.8,0.147
1782,0,271.3,7.4,4.6,0.175
1783,0,214.5,9,6.7,0.195
1784,2.5,63.1,0.9,5.4,0.181
1785,2.7,53,1.8,6.3,0.179
1786,0.4,162.5,3.7,7.1,0.182
1787,0.4,261.3,6.2,7.2,0.192
1788,8.4,205.5,8.5,10.5,0.213
1789,5.5,143.7,7.3,9.8,0.212
1790,0.1,300.6,5.2,5.1,0.199
1791,0,265.3,4.8,5.2,0.194
1792,0.8,138,8.7,6.4,0.203
1793,2.6,282.8,9.8,7.4,0.211
1794,10.8,124.4,3.9,6.6,0.208
1795,7.2,48,-2.2,4.5,0.18
1796,5.6,192.3,-4.5,2.8,0.168
1797,0.1,288.7,-0.7,3.4,0.158
1798,0,327.7,3.4,3.5,0.169
1799,0.5,171.3,6.3,6.4,0.184
1800,14.4,30.3,4.9,8.6,0.207
1801,1.5,272,5,6.9,0.2
1802,4.3,208,5.5,6.2,0.201
1803,0.4,272.4,6.3,5.2,0.198
1804,12.4,127,5.1,7.2,0.208
1805,0,327.2,4,4.1,0.193
1806,0,275.2,7.2,5.3,0.188
1807,0.2,227.4,9.4,6.9,0.168
1808,0,300.2,10.4,6.2,0.157
1809,0.1,233.3,11.4,8.4,0.149
1810,0,269.4,15.9,8.2,0.139
1811,7,198.7,6.4,6.5,0.152
1812,0,288.2,9,5.6,0.138
1813,0.5,257.7,11.3,6.8,0.132
1814,4.9,200,8.8,8.4,0.142
1815,0.2,171.9,5.3,6.9,0.134
1816,0.3,225.4,4.4,5.6,0.13
1817,1,232.2,7.2,6.7,0.127
1818,1.7,247.9,9.2,7.8,0.126
1819,1,223.5,10.6,6.9,0.12
1820,0,347.5,11,5.9,0.113
1821,0.1,266.3,13.8,7,0.106
1822,4.3,72.8,4.9,8.1,0.125
1823,4.1,268.8,2.7,5.5,0.128
1824,2.8,193.1,4.8,7.2,0.127
1825,3.5,236.5,3.6,5.6,0.129
1826,0,354,7.8,6.5,0.119
1827,0.9,200.2,11.9,9.3,0.116
1828,2.1,201.1,12,9.7,0.117
1829,6.1,228.7,11.3,11.4,0.132
1830,0.2,304.3,8.3,5.9,0.116
1831,0,364.1,10.7,6.1,0.108
1832,0,320.3,14.7,8.4,0.101
1833,1.6,170.1,17.1,15.9,0.107
1834,11.1,242.9,20.3,15.8,0.136
1835,1,332.6,19.2,13.9,0.113
1836,2,250.8,12.5,11.6,0.116
1837,15.4,166.3,16.1,17.4,0.156
1838,6.3,198.9,11.1,8.7,0.144
1839,0,369.9,10.8,7.2,0.129
1840,0.6,237.8,15.8,8.9,0.12
1841,10,68.7,16,17,0.147
1842,10.5,254.4,17.3,17.7,0.155
1845,10.5,131.3,12.5,14.3,0.175
1846,3.1,229.2,13.9,13.1,0.164
1847,4.8,210.1,13.9,13.5,0.163
1848,4.9,237.2,15.3,14.7,0.161
1849,9.4,215.4,15.7,16.5,0.169
1850,9,158.4,14.3,15.9,0.173
1851,1.4,297.5,14,10.9,0.158
1852,5.6,103.3,15.4,14.4,0.161
1853,5.3,220.2,15.9,15.1,0.161
1854,4.7,279.2,16,15.1,0.159
1855,1.3,226.3,17.3,15.5,0.15
1856,19,103.4,15.6,17.3,0.181
1857,24.8,151.1,13.8,15,0.202
1858,0.2,335.7,17.2,10.2,0.173
1859,4.3,229.8,19.3,14,0.166
1860,8,244.7,12.4,9.2,0.169
1861,7.3,222.7,14.2,9.7,0.167
1862,0.7,200.7,17.8,12.9,0.153
1863,0.7,338.1,21.6,13.7,0.142
1864,0,165.2,19.7,13.2,0.135
1865,32.8,12,14.4,15.8,0.195
1866,4.6,262.9,16.3,16.4,0.176
1867,4.5,158.9,13.2,12.2,0.17
1868,0,313.6,14.6,9.4,0.155
1869,0,288.5,18.5,11.6,0.145
1870,14.4,181.3,19.2,16.8,0.169
1871,3.6,210.3,15.2,14.5,0.159
1872,1.9,160,15.6,13.5,0.152
1873,14.4,234.4,16.2,15.2,0.173
1874,0.5,282.2,16.3,12.4,0.154
1875,0,305.1,17.9,12.7,0.144
1876,2.4,264,17.6,14.9,0.144
1877,0.4,300,17.7,12.6,0.135
1878,0,297.8,17.9,10.9,0.127
1879,3.7,245.1,17.1,14.3,0.134
1880,14.5,64.7,15.8,17.6,0.163
1881,11.2,21.3,15.6,17.6,0.169
1882,12.7,105.9,16,17.7,0.178
1883,12.7,121,16.4,18.2,0.184
1884,8.4,118.2,15.6,17.4,0.181
1885,10.2,108.9,14.9,16.4,0.182
1886,1.2,150.6,15,13.5,0.166
1887,0.4,235,17.3,15,0.156
1888,4.4,130.5,16.6,16.4,0.158
1889,9.2,112.4,16,17.7,0.168
1890,12.5,126,16.2,18.2,0.178
1891,2.4,168.6,16.6,16.1,0.165
1892,0.3,174.4,16.6,15.2,0.155
1893,1.1,208.8,17.3,16,0.149
1894,1,158.7,16.6,13.5,0.143
1895,0,246.9,16.3,13,0.137
1896,2.6,206.5,14.6,13.6,0.14
1897,8.7,129.9,13.9,15.6,0.155
1898,1.2,188.6,15.4,15.2,0.144
1899,2.1,193.8,15.2,13.3,0.142
1900,2.3,203.9,14.1,13.6,0.141
1901,4.9,206.7,13.4,13.9,0.147
1902,7.7,156.4,12.9,14.6,0.156
1903,1.1,212.4,16.2,15.3,0.144
1904,1.6,201,15.3,14.9,0.142
1905,1.9,228.1,11.7,9.3,0.138
1906,23.5,25.5,13.4,15.1,0.182
1907,0.5,157.4,11,8.1,0.157
1908,0,178,12.9,10.7,0.149
1909,0,270.4,17.6,14.8,0.142
1910,0,226.9,19.7,14.6,0.134
1911,0.1,239.7,22.8,17.3,0.127
1912,4.7,163.1,17.6,15.9,0.137
1913,0.5,80.7,9.9,8.9,0.129
1914,0,248.2,11.4,9.3,0.124
1915,0,257.3,15.1,11.7,0.12
1916,0,226.4,17.7,13.3,0.115
1917,1.9,81.3,16.6,16.4,0.12
1918,6.9,158.3,14.7,14.9,0.137
1919,0.3,216.2,13.9,12.3,0.123
1920,0,235.9,16.9,14.6,0.118
1921,0,242.5,19,15.2,0.113
1922,0,238.7,18.9,15.1,0.109
1923,3.3,172.6,10,8.7,0.118
1924,21.8,10.8,11.6,12.7,0.17
1925,1.6,108.5,10.6,10.4,0.143
1926,0.1,131.2,11.6,9.4,0.135
1927,6.2,161.1,11.1,11.3,0.146
1928,2.8,75.5,8,9,0.141
1929,0,212.7,7.3,6.8,0.132
1930,0,173.1,12,8.1,0.125
1931,5.8,37.8,10.4,12.2,0.141
1932,0.1,120.8,13.5,12.1,0.129
1933,14.7,13.6,11.7,13.1,0.162
1934,9.1,169.4,6.9,7,0.161
1935,0,190.3,7.3,6.6,0.146
1936,7,94.9,7.3,8.1,0.155
1937,0.1,185.1,1.9,4.1,0.143
1938,0.3,169.7,8.6,6.7,0.136
1939,5.3,55,8,8.6,0.145
1940,0,187.8,2.1,4.9,0.135
1941,0,197.9,2,5.6,0.132
1942,0,186.9,6.2,8.4,0.13
1943,1.4,172.5,13.6,12.3,0.128
1944,0,181.5,13.6,10.7,0.122
1945,0,177.6,13.8,12.6,0.12
1946,0,161,12.6,12.3,0.118
1947,0.2,71.7,8.7,9.4,0.117
1948,0,138.1,6.4,7.8,0.115
1949,0.7,70.9,9.8,10,0.114
1950,12.7,37.1,9.5,11.8,0.15
1951,5,30.2,2.5,7.2,0.143
1952,13.8,11.9,2.4,6.9,0.164
1953,3.1,26.8,2.9,7.2,0.154
1954,0.8,94.7,3.3,6,0.145
1955,0,160.5,1.6,4.8,0.139
1956,0,158.7,1.2,5.4,0.136
1957,0,135.9,1.5,6,0.133
1958,10.7,32.9,7.9,10.5,0.156
1959,5.3,58.3,6.8,9.6,0.153
1960,0.4,101.4,5.7,7.6,0.143
1961,0.8,104.5,6.3,9.1,0.14
1962,9,28.8,10.5,12.6,0.157
1963,11.6,14.7,9.8,11.8,0.168
1964,1,40.6,5.6,7.8,0.161
1965,5.2,45.8,4.7,8.2,0.162
1966,1.3,95,1.2,5.4,0.153
1967,0.6,82.3,-0.6,5.3,0.148
1968,0,125.3,2.6,5.5,0.142
1969,9.3,5,3.8,7.9,0.16
1970,1,99.3,-1.9,3.6,0.147
1971,0,128.8,-4.2,2.2,0.141
1972,0,84.6,-1.3,3.5,0.137
1973,0,119,1.5,5.4,0.137
1974,4.4,57.5,5.6,8.5,0.147
1975,6,28.9,5.3,8.5,0.152
1976,7,37.7,3.3,7.5,0.168
1977,6.4,23.3,-0.3,5.7,0.165
1978,23.9,14.2,-1.2,5.2,0.155
1979,1.1,80.1,-2.6,3.9,0.148
1980,0,64.6,1.7,5.1,0.154
1981,0.5,82.9,-5.1,3.1,0.145
1982,0.1,96.1,-5,3.3,0.142
1983,0.4,31.3,0.4,4.8,0.141
1984,0.6,27,5.7,9.1,0.169
1985,0.7,34.5,9.5,11.3,0.185
1986,0.4,32.7,5.6,8.3,0.168
1987,0.2,36.8,5.6,9.1,0.171
1988,8.3,6.2,6.9,9.8,0.178
1989,1.3,37.3,2.5,6.8,0.166
1990,0.5,65,-2.2,4.2,0.157
1991,1.6,24.6,-2.4,4.4,0.152
1992,0.2,60.3,-3.9,3.6,0.147
1993,1.4,56.3,-2,4.7,0.144
1994,5.9,8.9,5.6,8.7,0.17
1995,11.3,23.5,1.8,6.9,0.181
1996,21.4,6.6,-1.7,5.1,0.165
1997,2.8,32.5,-5.7,3,0.156
1998,0.5,58.7,-8,2.2,0.152
1999,0.2,65.1,-13,1.9,0.148
2000,0,56.5,-11.4,2,0.145
2001,0.8,46.6,-9.5,2.5,0.143
2002,0.7,58.2,-9.5,2.4,0.141
2003,0.6,55,-11.4,2,0.139
2004,0.2,28.3,-11.2,2.4,0.138
2005,1.8,14.1,-5.4,3.3,0.136
2006,6,9.1,-0.3,5.3,0.148
2007,3.3,18.5,-2.1,4.7,0.14
2008,2.2,7.8,-4.5,4.1,0.137
2009,0.6,42.1,-6,3.4,0.135
2010,0.4,44.8,-6.2,3.5,0.134
2011,9.1,5,-3.3,4.3,0.132
2012,1.8,35.9,-6.1,3.3,0.131
2013,1.5,20,-3.2,4,0.129
2014,5.9,18.9,-6.9,3.5,0.129
2015,0.6,33.1,-13.5,1.8,0.128
2016,1,16.3,-9.4,2.4,0.128
2017,2.7,16.1,-14.6,1.9,0.127
2018,0.1,60,-21.5,0.9,0.127
2019,1.2,17.1,-13.2,1.8,0.126
2020,2.2,51.6,-19.9,1,0.126
2021,0.4,40.8,-18.7,1,0.125
2022,0.8,20.6,-14.9,1.6,0.125
2023,0.1,59.5,-21.2,0.8,0.124
2024,5.1,3.5,-6.1,3.5,0.124
2025,12,2.5,-0.8,4.8,0.152
2026,0.3,52.2,-18.4,1.1,0.137
2027,1.6,12.7,-14,1.7,0.134
2028,0.8,39.1,-16.7,1.3,0.132
2029,0,59.2,-29.3,0.4,0.131
2030,0,59.1,-31.3,0.3,0.13
2031,0.4,48.9,-24.7,0.6,0.129
2032,1.2,38.9,-21.6,0.9,0.128
2033,0.3,52.1,-17.2,1.3,0.127
2034,2.9,19,-7,3.1,0.126
2035,7.7,53.7,-17.7,1.3,0.125
2036,0.1,37.2,-18.7,1.2,0.125
2037,3.8,4.1,-5.1,3.8,0.124
2038,19.4,3.9,4,7.7,0.184
2039,0.8,48.7,-11,2.2,0.159
2040,4.2,12.1,-14.7,1.8,0.152
2041,0.1,57.9,-25.4,0.6,0.147
2042,0.1,61.3,-24,0.6,0.143
2043,0.1,33.8,-22.5,0.8,0.141
2044,0.7,30.7,-18.9,0.9,0.138
2045,0.3,38.2,-14.7,1.4,0.137
2046,3.4,31,-11.9,1.9,0.135
2047,0.4,58.3,-18.2,1.1,0.133
2048,0.6,33.8,-21.5,0.8,0.132
2049,4.7,13.3,-15.3,1.4,0.131
2050,0.6,34.5,-18.4,1.1,0.13
2051,0.1,53.3,-19.9,1,0.129
2052,0.2,38.2,-19.8,1.1,0.128
2053,0.4,31.8,-16.5,1.4,0.127
2054,4,10.5,-20,1,0.127
2055,1.4,73,-29.9,0.4,0.126
2056,0,75.3,-34,0.3,0.125
2057,0.1,64.7,-34.1,0.2,0.125
2058,0.1,77.8,-31,0.4,0.124
2059,0.1,51.2,-23.8,0.7,0.124
2060,0.3,50.7,-19.4,1,0.123
2061,0.1,60.7,-21.4,0.9,0.123
2062,1.1,24,-15,1.5,0.122
2063,2,68.1,-15.9,1.5,0.122
2064,2.7,32.4,-23.2,0.7,0.121
2065,1.1,80.1,-26.6,0.5,0.121
2066,0.1,86.7,-29,0.4,0.121
2067,0.2,64,-26,0.6,0.12
2068,0,90.3,-22.8,0.7,0.12
2069,0.1,84,-16.6,1.3,0.12
2070,0.7,73.6,-15.4,1.6,0.119
2071,1.2,27.1,-13.2,1.9,0.119
2072,0.9,67.9,-20.9,0.9,0.119
2073,3.1,29.3,-18,1.3,0.118
2074,1.1,57.9,-16,1.3,0.118
2075,0,95.7,-23.7,0.7,0.118
2076,0.2,81,-22.4,0.8,0.117
2077,0.1,99.4,-21.6,0.8,0.117
2078,0.3,76.3,-14.5,1.5,0.117
2079,5.6,48.2,-5.8,3.5,0.116
2080,1.6,95.1,-16.8,1.3,0.116
2081,0,115.5,-21.4,0.8,0.116
2082,3,24.4,-13.1,1.8,0.116
2083,1.8,25.6,0.1,5.9,0.12
2084,0.4,76.2,-9.4,2.7,0.117
2085,0.4,76.1,-17,1.2,0.116
2086,0.2,97.8,-14.6,1.5,0.116
2087,0.4,56,-12.1,1.9,0.116
2088,0.2,119.1,-13.6,1.7,0.115
2089,0,104.1,-12.7,1.7,0.115
2090,1,64,-7.6,2.7,0.115
2091,5,24,-5.2,3.5,0.113
2092,4.3,42.7,-6.5,3.1,0.112
2093,1.1,80.3,-13.1,1.8,0.113
2094,0.8,85,-14.3,1.7,0.112
2095,1.8,62.3,-11.5,2,0.112
2096,0.2,137.1,-16.5,1.3,0.112
2097,0,131,-12.3,1.8,0.112
2098,2.3,72.4,-6.6,3.2,0.112
2099,13.9,19.5,-14.1,1.8,0.111
2100,0,162,-25.4,0.6,0.111
2101,0,163.6,-23.6,0.7,0.111
2102,0,169.3,-21.8,0.7,0.111
2103,0,171.5,-21,0.9,0.111
2104,0,173.5,-20.6,0.9,0.111
2105,0,153.3,-16.7,1.2,0.11
2106,12,19.8,-4.3,4.3,0.11
2107,1.1,101.5,-1.3,4.4,0.108
2108,2.2,166.7,-12.5,1.9,0.109
2109,0,141.4,-14.3,1.5,0.109
2110,0,129.1,-10.7,2.2,0.109
2111,8.4,43.5,-7.2,3.1,0.108
2112,0.3,187.3,-20.7,0.8,0.108
2113,0,180.1,-15.8,1.2,0.108
2114,1.1,109.4,-8.5,2.3,0.108
2115,0.5,197.8,-13.3,1.7,0.108
2116,0,201.2,-14.5,1.6,0.108
2117,0,179.9,-0.9,3.8,0.103
2118,4.3,166.8,1.9,5.5,0.135
2119,0.2,203.7,-12.7,1.5,0.117
2120,0,215.6,-14,1.6,0.115
2121,1.7,147.3,-6.4,3.1,0.114
2122,0.6,211.2,-14.8,1.4,0.114
2123,0.1,224.5,-15.2,1.4,0.113
2124,0,226.8,-10.6,2.1,0.112
2125,0,202.6,-1.6,3.1,0.107
2126,1.3,49.8,1.3,5.5,0.122
2127,4.6,53.9,-0.5,5.5,0.127
2128,0.2,203.6,-5.5,3.4,0.118
2129,0.8,221.4,-1.8,4.1,0.114
2130,12.5,22.4,0.1,5.8,0.15
2131,0.8,233.1,-5.1,3.4,0.129
2132,4.3,122,-0.4,5.1,0.136
2133,2.5,165.1,1.7,5.4,0.145
2134,0,163,2,4.5,0.146
2135,20.4,12.3,3.2,7,0.19
2136,2.4,30.9,0.1,5.9,0.174
2137,1.5,78.6,-1.8,5,0.163
2138,14,42.5,0,5.9,0.181
2139,1.6,121.4,-3.3,3.8,0.164
2140,1,157,-3,3.2,0.155
2141,0.1,204.2,-4.7,2.6,0.15
2142,0.1,235,-7.5,2.1,0.146
2143,0.3,234.2,-5.1,2.5,0.141
2144,0,282.6,-3.2,2.8,0.137
2145,0,282.5,-2.6,3,0.133
2146,0,282.1,-0.9,3.4,0.129
2147,0,266.5,0.9,4.2,0.135
2148,1.4,60.7,3.3,5.8,0.152
2149,0.1,295.9,-2.4,2.8,0.137
2150,0,303.9,-3.9,2.7,0.132
2151,0,300.1,1.8,3.2,0.141
2152,7,42.5,1.7,5.6,0.158
2153,3.9,69.1,2.6,6.9,0.166
2154,0.8,154,2.2,5.4,0.164
2155,0,264.6,6.6,5,0.182
2156,12.9,152,6.4,8.5,0.21
2157,0.4,295.3,-0.6,3.2,0.181
2158,5,131.4,9.2,8.3,0.207
2159,3.5,211.7,2.3,5.3,0.192
2160,0.6,263.8,0.1,3.2,0.173
2161,0,197.9,6.5,4.3,0.189
2162,9.9,38.4,4.1,8.1,0.2
2163,1.3,269.1,-0.3,4.1,0.176
2164,3.4,238.9,2.6,5.2,0.181
2165,0.1,321.1,1.6,3.7,0.173
2166,0,328.2,4.7,4.6,0.181
2167,0,270.1,9.2,7.2,0.201
2168,0,235,10.9,8.3,0.213
2169,5.3,111.8,8.8,10.5,0.217
2170,0.1,232.3,2.9,6,0.195
2171,0.1,310.9,3.9,4.2,0.189
2172,0,319.9,3.6,3.9,0.185
2173,0,336.7,8.1,4.7,0.198
2174,0,333.6,12.3,5.3,0.214
2175,14,107.8,12.1,10,0.204
2176,1.2,340,4,3.9,0.177
2177,7.9,167.9,8.3,8.3,0.178
2178,2.6,230.5,0.1,4,0.167
2179,0,351.6,4.5,3,0.154
2180,6.1,177.4,4.1,5.3,0.16
2181,3,171.9,1.8,4.8,0.155
2182,4.4,206.3,14.1,12.4,0.155
2183,1.5,256.2,4.1,5.2,0.147
2184,3.9,172,5.3,7,0.15
2185,2.6,284,4.8,7,0.147
2186,0.1,306.8,1.7,3.3,0.139
2187,0,282.7,5.8,4.7,0.133
2188,0.1,117.2,8.7,6.5,0.128
2189,0.9,286.1,11.4,8.6,0.125
2190,19.6,47.8,8.9,10.6,0.17
2191,0,347.5,6.2,5.3,0.145
2192,9.5,51.3,4.5,8.1,0.162
2193,1.3,338.1,7,5.3,0.147
2194,0,330.8,7.7,5.1,0.138
2195,0.6,279.6,6.3,6,0.133
2196,3.7,245.5,7.4,7.8,0.139
2197,5.2,145.9,10.9,10.2,0.144
2198,2.2,218.7,10.2,7.8,0.137
2199,0.1,207.4,6.8,6.9,0.131
2200,0.2,328.7,8.5,6.6,0.125
2201,0,246.8,10.6,6.8,0.119
2202,0.4,143.8,11,10.4,0.119
2203,5.6,180.4,10.9,12.2,0.135
2204,0.1,303,11.9,9,0.121
2205,0,299.4,14.4,9.4,0.114
2206,2.7,245,13,11.7,0.121
2207,9.6,190.5,13,14.3,0.144
2208,0,290,16.3,10.9,0.122
2209,0,236.5,19.9,12.2,0.113
2210,0,269.6,20.7,13,0.105
2211,0.7,252.7,20.7,16.1,0.102
2212,0,324,21.4,14.1,0.093
2213,0.1,266.7,19.9,15.5,0.09
2214,0,337,21.4,15,0.081
2215,0,341.1,22.9,13.5,0.063
2216,0.1,276.7,24.2,14.4,0.04
2217,6.2,280.6,22.2,18.5,0.068
2218,5.3,238.1,20.5,15.5,0.091
2219,0.7,226.4,18.9,14.8,0.082
2220,0.6,253.8,20.4,16.4,0.073
2221,15.7,19.8,15.5,17.4,0.152
2222,8.5,173.1,17.5,18.1,0.141
2223,6.7,206.4,17.2,17.6,0.136
2224,12.1,184.4,16.8,18.6,0.154
2225,10.6,93.3,16,17.9,0.161
2226,19.7,32.2,12,14,0.186
2227,4,130.3,12,12,0.177
2228,1.3,266.2,15.7,12.9,0.166
2229,4.8,183.1,13.4,14.3,0.166
2230,0.1,306.2,16.4,13.1,0.152
2231,0,285.9,19.3,12.6,0.141
2232,0.1,276.2,19.7,13.2,0.132
2233,15.9,87.9,15.3,17,0.167
2234,1.8,126.2,11.1,10,0.15
2235,5.3,191.8,10.8,10.1,0.153
2236,1.2,83.8,9.4,9,0.144
2237,0,295.8,12.6,9.7,0.136
2238,2.8,139.5,13.6,13.7,0.14
2239,11.1,193.3,15.1,15.6,0.158
2240,11.1,152.7,15.1,16.3,0.167
2241,3.9,142.9,15.1,13.1,0.158
2242,0.5,232.1,15.5,12.4,0.146
2243,0,240.7,17.6,13.7,0.139
2244,0.3,210.4,18.2,14.6,0.133
2245,0,314.9,19,13.2,0.125
2246,1.4,184.7,18.3,15.3,0.124
2247,0.4,215.7,17.6,14,0.118
2248,3.1,183.6,15.2,15.2,0.126
2249,7.8,137.9,15.9,17.5,0.142
2250,5.1,182.6,17.5,18.2,0.141
2251,5.9,199.1,18.3,16.3,0.143
2252,0,243.3,18.3,13.7,0.129
2253,7.6,196.8,15.6,15.6,0.146
2254,0.5,232.9,16.8,13.3,0.13
2255,12.5,141.3,15.9,16.5,0.157
2256,0.4,207.7,15.6,12.2,0.138
2257,15.4,74.7,16.2,18,0.168
2258,8.7,144,12.2,12.6,0.167
2259,1.9,206.2,12.5,10.6,0.155
2260,0,261.4,12.1,8.2,0.144
2261,0.2,221.9,14.3,10.5,0.137
2262,15.5,21.5,14,14.4,0.168
2263,0.7,219.7,16.3,14.1,0.149
2264,0,294.9,15.7,12.4,0.14
2265,0,293.9,17.5,12.7,0.133
2266,0,283,21.4,15.2,0.125
2267,6.2,200,20.9,20.2,0.139
2268,0.4,184.5,19.7,17.8,0.127
2269,3.9,60.6,17.5,19.6,0.137
2270,2,173.8,22.1,20.3,0.13
2271,7.7,75,18.7,20.3,0.146
2272,4.8,172.4,15.4,14.4,0.143
2273,0.5,140.8,15.4,13.2,0.133
2274,8.4,137.8,18.1,18.2,0.149
2275,4.7,100.7,15.5,15.7,0.147
2276,0.1,246.4,12.7,10.1,0.136
2277,0,268.4,12.6,9.9,0.13
2278,11.3,93,14.1,14,0.154
2279,6.8,145.6,9,8.1,0.152
2280,0.1,208,7,5.9,0.139
2281,0,253.4,6.6,6.7,0.134
2282,3.6,181.2,7.9,8.6,0.139
2283,19,50.7,8.2,9.9,0.172
2284,0.1,228.4,10.3,8.1,0.15
2285,2.6,173.9,14.9,12.9,0.148
2286,0,242.2,17.3,12.3,0.137
2287,1.7,133.5,15.9,13.9,0.136
2288,0.5,232.3,9.2,7.8,0.13
2289,0,227.7,7.5,7.5,0.126
2290,0,237.2,10.4,8.2,0.121
2291,2.5,68.2,14.5,14.6,0.127
2292,0.4,226.1,10.8,8.8,0.119
2293,0,232.8,9,8,0.116
2294,0,210.8,13.2,9.8,0.111
2295,1,174.9,15.4,15.1,0.113
2296,7.5,95.3,14.5,16.2,0.136
2297,5.5,165.7,9.9,9.1,0.135
2298,2.4,112.7,10,10.2,0.13
2299,0.8,185.7,8.8,8.3,0.123
2300,0,211.8,6.3,7.4,0.12
2301,0.6,205.9,9.5,8.8,0.116
2302,5.3,46.2,4.9,7.8,0.131
2303,0.1,187.8,5.4,5.8,0.119
2304,0,105.9,13.4,11.8,0.115
2305,0,193.9,15,12.8,0.112
2306,5.7,57.8,15.8,17.2,0.13
2307,10.2,56,12.7,12.4,0.146
2308,3.4,75.4,6.1,8.6,0.138
2309,0.3,175.7,4.4,6.2,0.129
2310,0,180.1,8.1,7.2,0.124
2311,0.1,114.9,10.7,10.6,0.121
2312,0.6,72.2,10.8,11.7,0.12
2313,6,111,10,11.2,0.135
2314,1.3,37.1,2.9,6.5,0.127
2315,3.4,89.8,5.7,8.1,0.131
2316,4.6,72.4,8.7,11,0.137
2317,2.4,29.4,6.6,9.4,0.135
2318,2.5,76.9,8.2,10.6,0.135
2319,2.2,89.8,7.2,9.8,0.134
2320,2,78.8,6.5,9.2,0.134
2321,5,19.2,5.4,8.8,0.142
2322,0.6,90,6.5,8.1,0.132
2323,1,75.4,5.3,7.1,0.129
2324,0.1,125.2,-0.5,4,0.125
2325,5.1,95.9,0,5.2,0.137
2326,1.2,110.6,0.4,4.5,0.129
2327,1.5,104.5,-1.1,4.4,0.125
2328,1.1,103.4,-2.3,3.2,0.122
2329,0.4,111.6,-3.9,3,0.119
2330,0,123.1,-3.6,3.2,0.117
2331,0,110.2,-2.2,3.3,0.115
2332,0,131.6,-2.3,3.3,0.113
2333,1.7,50.4,1.9,5.2,0.124
2334,4.7,31.1,2.6,7.3,0.131
2335,0.3,109.5,-2.4,3.4,0.12
2336,1.9,41.9,-2,3.4,0.117
2337,0,119,-3.2,3.6,0.115
2338,6.9,7.9,2,7,0.142
2339,3.4,52.6,-0.5,5.2,0.135
2340,0.2,117,-3.2,3,0.126
2341,8.2,6.2,-1.4,5.1,0.125
2342,0.3,49.3,-0.2,5.8,0.123
2343,0.4,32.5,0.3,6.1,0.125
2344,4.5,18.2,4.1,8.1,0.159
2345,8.2,16.2,8.5,10.9,0.194
2346,2.2,65.7,-0.9,4.9,0.176
2347,0.2,81.9,-0.2,4.8,0.164
2348,8.5,21.1,-0.2,5.9,0.172
2349,1.1,73.1,-4.1,3,0.158
2350,0.6,51.8,-3.6,3.6,0.152
2351,0.5,77.1,-5.2,3,0.147
2352,0.7,22.9,0,4.6,0.143
2353,1.3,93.3,2.5,5.6,0.156
2354,7.3,11.4,1.9,6.5,0.169
2355,1.6,12.7,1.8,6.8,0.167
2356,0.1,87.4,-0.1,4.4,0.155
2357,0,76.1,0.4,3.8,0.15
2358,0,76,1.8,2.3,0.152
2359,0.9,32.6,4.1,5.5,0.158
2360,4.1,9,5,8.6,0.163
2361,1.2,41,-1.2,4.6,0.152
2362,0.1,76.3,-2,3.9,0.146
2363,0,73.6,0.1,3.6,0.142
2364,0,75.1,-1.5,4.6,0.139
2365,5.8,4.3,1.4,6.6,0.152
2366,2.5,26,-1.1,5.3,0.143
2367,0.2,56.3,-1.2,5,0.14
2368,0.1,61.8,-2.5,4.7,0.138
2369,0.3,36.5,-1.8,4.8,0.136
2370,3.5,20.6,1.8,6.7,0.149
2371,7.3,10.1,4,8,0.16
2372,0.7,17.2,2.2,7.1,0.161
2373,0.8,32.1,-2.3,4.3,0.15
2374,0.5,45.6,-4,3.1,0.145
2375,0.1,33.8,-5.3,2.4,0.141
2376,1.1,26.9,-4.6,3.4,0.138
2377,1.8,25,-4.8,3.6,0.136
2378,5,4.8,-2.1,5,0.135
2379,3.3,16.1,-5.3,3.7,0.134
2380,0.4,42.4,-6.8,3.2,0.132
2381,1.7,25.2,-8.2,2.8,0.132
2382,0.5,27.9,-9.7,2.6,0.131
2383,0.3,42.8,-12.8,2,0.131
2384,5.1,16.8,-12.6,2,0.13
2385,5.8,8.9,-7.6,2.9,0.13
2386,2.5,13,-15.1,1.4,0.129
2387,0.1,51.2,-16.2,1.3,0.129
2388,2.6,9.5,-4.5,3.8,0.128
2389,0.1,43.5,-16.5,1.3,0.128
2390,1.2,14.9,-17.4,1.3,0.127
2391,0.1,54.4,-24.5,0.7,0.127
2392,0.2,39,-19.6,1,0.126
2393,0,58,-20.8,0.9,0.126
2394,0,56,-18.1,1.1,0.125
2395,0.1,33.4,-17.4,1.3,0.125
2396,1.1,22.5,-15.8,1.4,0.125
2397,3.7,11.6,-12.9,1.9,0.124
2398,4.4,10.7,-4.6,3.9,0.124
2399,0.4,24.1,-4.2,4.2,0.123
2400,0,53.4,-8.7,3,0.123
2401,1.6,17.1,-5.3,3.2,0.122
2402,5.7,4.4,-1.7,4.9,0.121
2403,2.6,15.1,-8.6,2.8,0.121
2404,0.7,48.8,-19.3,1,0.121
2405,0.1,51.8,-16.6,1.4,0.121
2406,0.6,14.5,-8.5,2.7,0.12
2407,3.3,6.9,-7.7,3.1,0.119
2408,3,12.9,-9.3,2.5,0.119
2409,1.3,16.5,-4.5,3.5,0.118
2410,1.1,10,-1.1,4.9,0.117
2411,0.4,39.5,-4.1,3.8,0.116
2412,1.9,6.5,-4.2,3.7,0.115
2413,1.2,15.2,-8,2.7,0.115
2414,0.5,54,-12.3,1.9,0.115
2415,0,58.8,-19.8,1,0.115
2416,0.3,25.2,-14.3,1.7,0.115
2417,0.7,39.1,-11.2,2.1,0.115
2418,0.2,66.1,-18.7,1.1,0.115
2419,0,64.2,-18.3,1.1,0.115
2420,0.2,32.1,-10.2,2.5,0.115
2421,1.3,54.6,-7.8,2.9,0.114
2422,3.3,66.4,-12.2,2.1,0.114
2423,1.2,21.2,-16.4,1.2,0.114
2424,1.5,22,-8.6,2.8,0.114
2425,1.7,16.6,-7.4,3.2,0.114
2426,0.5,37.4,-7.8,3.1,0.113
2427,0.2,54.4,-8.6,2.6,0.113
2428,0.1,76,-13.1,1.9,0.113
2429,0,80.6,-19.9,1,0.113
2430,0,79.2,-9.7,1.9,0.113
2431,17.8,1.6,2.2,6.7,0.174
2432,2.7,25.3,-7.3,3.3,0.143
2433,0.1,80.6,-17.5,1.2,0.139
2434,1,34.8,-15.6,1.5,0.135
2435,1.5,40.9,-22.2,0.7,0.133
2436,0.1,91.3,-24,0.7,0.131
2437,0.2,71.4,-22,0.8,0.129
2438,0.4,74.4,-24.4,0.6,0.127
2439,0,101.7,-24.7,0.6,0.126
2440,0.2,54.1,-18.8,1.1,0.125
2441,0.4,75.8,-17.2,1.2,0.124
2442,0.2,75.9,-17.9,1.2,0.123
2443,0.2,78,-15.7,1.5,0.122
2444,1,36.9,-12.5,1.8,0.122
2445,2.4,27.9,-7,2.9,0.121
2446,0.5,100.4,-9.7,2.4,0.12
2447,0,114.3,-11.3,2,0.12
2448,0.3,83.7,-12.1,2,0.119
2449,0.3,103.8,-7.3,3,0.119
2450,0.2,97.5,-8.2,2.8,0.118
2451,5.4,16.2,-3.2,4.5,0.117
2452,7,13.8,-1.1,5.4,0.116
2453,1.6,34.7,-2.1,5,0.116
2454,2.6,34.9,0.2,5.8,0.124
2455,1.7,27.2,-1.6,4.9,0.118
2456,3.6,38.9,-0.5,5.2,0.126
2457,2.3,51.7,-4.3,3.8,0.12
2458,2.2,48.5,-5.1,3.6,0.118
2459,0.3,78.9,-5.1,3.8,0.117
2460,1.9,38.8,-0.8,5,0.12
2461,6.3,20.3,-0.7,5.2,0.134
2462,5.6,27.4,-1.5,4.8,0.123
2463,2.2,83.7,-0.9,3.8,0.124
2464,0,117,0.1,4.5,0.121
2465,1.3,43.1,-0.9,5,0.121
2466,0.1,122.2,-2,4.4,0.118
2467,0,155.4,-9,2.7,0.117
2468,0,165.7,-10,2.3,0.117
2469,0,169.1,-8.1,2.7,0.117
2470,0,166.6,-9.8,2.3,0.116
2471,0,164.3,-5.9,3.5,0.116
2472,0.1,97.1,-1,4.8,0.113
2473,0.4,124.1,-5.1,3.3,0.112
2474,0.2,165.5,-8.3,2.9,0.113
2475,0,182.3,-9.2,2.3,0.113
2476,0,175.7,-7,2.8,0.112
2477,0,191.4,-5,3,0.109
2478,0,184.7,-1.6,4.1,0.108
2479,0,195.8,-1.8,4.4,0.107
2480,0,197.1,-1.8,4.2,0.106
2481,0,196.3,-2.1,4.5,0.105
2482,0.1,155,1.5,4.7,0.119
2483,0.4,171.3,-2.3,4.3,0.11
2484,3.1,71.1,-2.9,4.5,0.109
2485,0.8,209.8,-11.5,1.9,0.109
2486,0,200.5,-9.3,2,0.109
2487,0.1,219.1,-8.5,2.5,0.108
2488,0,203.2,-8,2.3,0.108
2489,0,190.9,-5.2,3.3,0.106
2490,1.2,173.2,-9.8,2.2,0.107
2491,0.1,228.1,-20,0.9,0.107
2492,0.2,172.3,-14.2,1.6,0.106
2493,6.8,54.5,-2.3,4.5,0.106
2494,1.3,198.8,-5.1,3.5,0.104
2495,0,239.7,-4.6,3.5,0.103
2496,0,208.4,1.3,5.4,0.117
2497,0,225.9,4.4,6.7,0.146
2498,0,220.3,7.4,7.7,0.168
2499,0,237.3,9.9,8.8,0.194
2500,0.1,228,7.6,6.5,0.209
2501,4.4,58.6,3,7,0.213
2502,0.6,232.4,3.8,5.7,0.21
2503,1.2,165.2,0.8,4.8,0.19
2504,3.2,197.2,-1.9,4.1,0.174
2505,13.6,89.7,2,6.5,0.195
2506,1.4,190,-1.1,3.8,0.174
2507,0.3,150.5,-1.2,3.7,0.166
2508,0,261.5,-0.6,3.1,0.158
2509,0,277,-0.3,3.2,0.152
2510,0,275.6,1.7,3.5,0.157
2511,0,272.4,1.2,3.1,0.154
2512,16.7,35.8,0.5,6,0.181
2513,4.3,179.9,1.7,4.6,0.177
2514,0.5,123.5,2.4,5.3,0.174
2515,0.1,260.2,5.4,5.4,0.184
2516,0,292.7,1.6,4,0.174
2517,0,288.8,0.1,3.4,0.162
2518,0,284.8,0.5,3.1,0.157
2519,0,286.1,2.4,3.9,0.163
2520,3.2,105.8,2.3,5.8,0.169
2521,0,297.4,4.9,5.2,0.179
2522,0,301,1.2,2.8,0.168
2523,1,240.5,2.7,4.5,0.171
2524,0,292.7,1.9,3.7,0.167
2525,0.2,266.8,3.1,4.3,0.171
2526,0,316.1,5.9,5,0.184
2527,3.7,140.2,6.5,7.9,0.198
2528,2.1,180.8,13.8,13.1,0.224
2529,5.7,42.6,10.3,12.3,0.226
2530,8.2,139.5,8.6,11,0.226
2531,1.4,207.6,7.8,9.5,0.195
2532,7.3,138.2,4.8,8.1,0.186
2533,0.4,275.9,0.5,3.8,0.169
2534,0.1,254.5,1.3,4.3,0.162
2535,1.5,154.6,-1,3.5,0.156
2536,0,328.4,-0.4,2.7,0.148
2537,0,331.9,1.3,3.4,0.142
2538,0,334.9,4.5,3.9,0.136
2539,0,340.5,6.5,4.5,0.13
2540,1.6,141.1,6.4,6.1,0.131
2541,0.3,303.4,9.5,5.7,0.123
2542,0,344.2,11.1,4.9,0.116
2543,0.6,300.2,13.3,8.3,0.112
2544,0,342.7,13,8.7,0.109
2545,0.2,285.9,16.1,9,0.102
2546,2.8,311.4,8.1,6.4,0.111
2547,0,345.8,8.8,4.7,0.1
2548,0,273.2,16.9,8.5,0.09
2549,0,271.8,20.8,12.8,0.081
2550,0.2,288.5,21.8,17.2,0.075
2551,3.4,254.3,21.8,22.6,0.096
2552,0,339.3,20.1,12.8,0.082
2553,0,349,16.5,7.2,0.065
2554,0,299.8,16.6,8.8,0.046
2555,0,341.4,11.4,6.6,0.029
2556,0,343.8,7.9,5.1,0.014
2557,4.2,119.6,8.5,8.6,0.033
2558,1.2,279.2,13.4,11.4,0.027
2559,1.8,223.7,12.9,10.3,0.025
2560,0,354.7,13.2,7,0.012
2561,0,324.7,12.8,6.7,0.012
2562,0,226.7,9.6,5.6,0.012
2563,0.1,259.7,11.2,6.6,0.012
2564,6,232.3,9.6,9,0.043
2565,1.2,264.3,12.3,7.4,0.03
2566,0,336.6,15.2,7.9,0.013
2567,0,344.3,16.6,9.7,0.012
2568,0.1,233,15.4,9.9,0.012
2569,0,355.9,15.8,7.6,0.012
2570,0,332.8,14.7,6.2,0.012
2571,0,345.9,14.3,5.7,0.012
2572,0,368.4,13.3,6.3,0.012
2573,0,222.3,16.2,8.3,0.012
2574,0,323.5,20.6,9.3,0.012
2575,0.4,269.5,20.8,13.1,0.012
2576,14.8,129.3,18.9,17.7,0.104
2577,0.2,354.7,14.1,8.2,0.079
2578,0,365,15.9,7.6,0.059
2579,0,259.6,18.2,9.4,0.037
2580,2.6,220.7,18.5,15.1,0.039
2581,0.6,303.7,13.7,9.3,0.024
2582,0.3,276.2,12.3,7.8,0.012
2583,0.3,312.8,12,6.6,0.012
2584,0,289.4,12.5,7.5,0.012
2585,25,24.9,11.3,13.2,0.173
2586,1.9,228.4,9.9,8.4,0.138
2587,7.7,197.1,9.6,9,0.139
2588,3.8,164.3,12.2,9.2,0.116
2589,1.2,293.9,15,12.1,0.102
2590,4.4,200.3,20,18.5,0.112
2591,5,108.7,19.6,22.1,0.121
2592,11.1,69.9,21.3,22.8,0.143
2593,0.1,153.2,21.9,21.1,0.119
2594,12,207.2,23,23.4,0.148
2595,1.7,203.6,22.5,22.9,0.133
2596,0.9,174.2,20.2,19.2,0.128
2597,6.3,296.9,19.3,15.1,0.137
2598,0,337.8,22.2,12.7,0.119
2599,4.5,214.3,20.2,17.6,0.129
2600,4.3,235,18.1,15.5,0.131
2601,0,341.2,20.4,13.4,0.116
2602,5,148.2,17.9,15.6,0.128
2603,8.3,230.8,20.9,17.4,0.138
2604,13.8,176.6,16.5,18,0.16
2605,4.8,178.7,16.9,15,0.153
2606,0.7,314.6,17.5,11.2,0.141
2607,0,331.7,17.1,10.7,0.134
2608,0.2,214,17.5,14.7,0.129
2609,0,331.2,17,10.8,0.121
2610,0.1,240.8,17.3,11.6,0.114
2611,6,119.6,17.3,17.8,0.132
2612,2,178.6,13.2,11.9,0.123
2613,1,303.5,16.4,11.2,0.113
2614,0,272.6,20.1,13.7,0.104
2615,11.2,67.4,18,15.7,0.139
2616,2,60.4,11.3,10.6,0.123
2617,0.3,215,12.3,9.1,0.113
2618,2.4,210.6,14.3,9.8,0.113
2619,3.2,215.9,16.3,14.8,0.117
2620,8.2,123.1,17.3,16.6,0.134
2621,8.6,183.3,18.4,18.9,0.142
2622,9.3,97.2,17.9,20.1,0.151
2623,10.4,163.1,15.7,17.2,0.162
2624,2.2,172.8,8.6,8.5,0.152
2625,2.4,177.4,10.6,9.3,0.149
2626,8.2,118.3,14.5,13.2,0.16
2627,0,239.3,17.4,12.4,0.145
2628,0,291.5,16,12.1,0.138
2629,0,287.4,14.9,10,0.129
2630,0,295.5,15.8,10.6,0.121
2631,0,290.7,17.5,11.7,0.113
2632,0.2,123.8,19.8,15.1,0.108
2633,0.1,188.1,21.7,19.5,0.104
2634,13.2,114.8,17.7,17.1,0.146
2635,4,75.9,12.7,13,0.132
2636,0.7,196.8,14.5,11.5,0.12
2637,24.8,67.2,11.4,13.4,0.177
2638,0.3,218.7,12.3,9.8,0.149
2639,0,226.3,13.9,11.7,0.141
2640,0,254.5,16.8,12.1,0.132
2641,0,260.5,16.7,13.1,0.126
2642,0,255.5,17.9,13.5,0.119
2643,0.1,147.8,17.6,13.9,0.115
2644,3.1,95.5,13.3,12.1,0.122
2645,4.5,149.7,12,11.9,0.128
2646,1.3,134.7,17.6,16.3,0.12
2647,0,183.6,21.5,16.1,0.11
2648,0.1,236.3,22.9,16.9,0.103
2657,19.8,18.4,11.3,13.2,0.177
2658,0.7,63.4,10.8,9.9,0.156
2659,0,227.7,12.5,8.6,0.146
2660,0,217.2,11,8.8,0.141
2661,3.7,114.9,11.9,11.7,0.146
2662,7.2,135.3,11.8,12.3,0.156
2663,2.2,79.3,8.6,9.7,0.15
2664,1.6,46.7,7,8.7,0.148
2665,0.7,111.1,6.4,6.8,0.143
2666,0,194.4,5.9,7.1,0.141
2667,11,60.7,8.1,9.4,0.162
2668,0.2,159.7,6.7,7.3,0.149
2669,0.5,138.3,6.7,6.8,0.144
2670,24,20.5,6.6,9,0.187
2671,2.7,61.9,8.5,9.2,0.169
2672,0.1,174.8,6.5,6.2,0.161
2673,21.7,16.2,4.5,7.2,0.193
2674,18,33.8,4.6,7.3,0.197
2675,0,190.3,4.4,6.4,0.175
2676,0.1,110.8,9,9.4,0.168
2677,3.4,77.1,8.9,11.1,0.171
2678,11.1,46.9,10.7,11.9,0.183
2679,1,53,11.5,12.1,0.171
2680,1.7,67.9,7.3,9.2,0.169
2681,1.8,41.5,3.4,6.9,0.167
2682,0.3,126.5,2.9,5.7,0.163
2683,0,168.3,2.5,5.7,0.16
2684,0,157.3,4.6,7.2,0.157
2685,0,160.2,3.9,7.5,0.154
2686,1.9,88.5,5.4,7.8,0.154
2687,0.1,132.7,3.8,5.3,0.147
2688,1.1,103.1,2.3,4.8,0.144
2689,0.3,89.3,3.2,5.2,0.14
2690,0.7,29.3,2.5,6.4,0.138
2698,0.7,120.9,0,4.6,0.131
2699,10,31.3,1.2,6.6,0.154
2700,5.8,15.6,1.8,6.8,0.153
2701,1.3,59,0.1,5,0.145
2702,0,111.4,-1.6,3.8,0.139
2703,0,118.7,-2.8,4.1,0.136
2704,5.9,15.2,-0.1,5.3,0.147
2705,2.5,19.2,4,8,0.151
2706,13.9,87.1,9.7,10.6,0.169
2707,5.3,21.4,5.2,8.5,0.181
2708,1.8,26.5,-0.6,5.2,0.167
2709,0.3,98.2,-4.2,3,0.157
2710,1,20.7,-2.5,4.2,0.151
2711,1.1,53.2,-0.9,5,0.148
2712,0.1,98,-2.6,4.4,0.144
2713,0,100.1,-1.3,4.6,0.141
2714,3.2,10,0.4,6,0.148
2715,7.4,12.8,-1.2,5.2,0.141
2716,2,96.8,-4,3.2,0.138
2717,0,90.2,-4.4,3.5,0.136
2718,0,96.5,-5.1,3.8,0.135
2719,0,91.5,-3.4,4.4,0.133
2720,0,88.1,-4.6,3.8,0.132
2721,0,85.5,-1.2,3.9,0.129
2722,0,82.3,1.3,4.8,0.137
2723,0,76.9,-3.2,4.3,0.132
2724,0,31.6,0.2,4.6,0.131
2725,2.1,34.5,1.9,6.4,0.147
2726,0.7,44.8,-1,5.1,0.138
2727,13.7,4.7,0.1,5.6,0.165
2728,4.1,44.3,-3.7,3.9,0.15
2729,0.4,70.9,-12.9,1.9,0.146
2730,5.8,22.5,-7.1,3,0.143
2731,0.1,72.4,-11.5,2.2,0.141
2732,4.2,5.3,-3.4,4.3,0.139
2733,9.8,12.8,1.2,6,0.164
2734,1.4,50,-9.8,2.2,0.15
2735,0.1,56.4,-11.5,2.2,0.147
2736,7.9,22.4,-7.8,2.7,0.144
2737,1.4,56.5,-11,2.2,0.142
2738,0.7,30.6,-2.5,4.3,0.139
2739,0,61.2,-4.1,4.1,0.137
2740,1.3,41.4,-0.4,5.4,0.137
2741,25.1,1.2,4.8,7.4,0.2
2742,4.1,27,-1,5.4,0.181
2743,0.7,32,-4.7,4.1,0.167
2744,9.2,3.8,-3.6,4.3,0.159
2745,4.1,4.6,-1.4,5.4,0.154
2746,4.9,21.8,-2.9,4.6,0.15
2747,8.2,11.4,-2.9,4.4,0.146
2748,1.9,16.1,-9,2.4,0.143
2749,0.3,44.3,-15.6,1.5,0.141
2750,0.5,21.1,-13.4,1.6,0.139
2751,2.4,36.2,-8.5,2.9,0.138
2752,9.6,10.7,-12.8,2,0.137
2753,16,7.6,-9.1,2.6,0.135
2754,6,21.1,-13.3,1.8,0.134
2755,4.2,9.3,-16.2,1.4,0.133
2756,0.6,19.7,-13.7,1.8,0.133
2757,0.5,19.8,-15.3,1.6,0.132
2758,1.1,12.8,-7.8,2.9,0.131
2759,0.2,39.2,-9.3,2.7,0.13
2760,0.4,24.6,-8.9,2.8,0.13
2761,1.3,8.9,-7.3,3.2,0.129
2762,0.2,24.5,-6.8,3.2,0.128
2763,0.2,39,-9.5,2.6,0.128
2764,0.3,34.2,-11.5,2.1,0.127
2765,0.3,33.5,-10.6,2.4,0.127
2766,0.2,49.5,-17.6,1.3,0.126
2767,0.1,51.4,-16.2,1.4,0.126
2768,0,59.1,-17.2,1.3,0.125
2769,0.2,24.4,-13.7,1.9,0.125
2770,0.1,33.7,-3.1,3.8,0.124
2771,3.1,4.1,1.3,6.2,0.14