,precip,solar,air,vapor,newD$AvgCS616_VWC_5cm
25,4.3,146.9,22.6,22,0.0609175
26,5,283.5,25.8,19.2,0.021837
27,11.1,235.1,18.9,15.8,0.021837
28,1,218.9,14.7,10.9,0.021837
29,9.3,158,15.7,14.7,0.021837375
30,4.7,233.1,15.6,12,0.021837
31,2.8,319.4,13.3,9.4,0.03051408333
32,2.3,83.9,12.8,11.8,0.033737
33,0.4,257.5,17,15.3,0.033737
34,7.6,206.8,18.1,17,0.033737
39,0.1,297.4,13,8.3,0.1857
40,0,331.4,15.8,9.4,0.175725
41,1.5,155.8,14,11.5,0.1591
42,14.2,31.9,13.1,14.9,0.1936625
43,0.6,251.9,16.4,13.8,0.2137
46,5.2,63.6,17.4,17.4,0.04632905882
47,6.1,146.6,13.1,12.5,0.046329125
48,7.7,56.3,9.5,11.2,0.05603764583
49,2.8,156.3,10.4,10.7,0.06312441667
50,2.5,111.9,13.1,13.1,0.059625
51,5.5,175.4,14.8,15.2,0.0596269375
52,0.7,233.8,17,13.5,0.1209034783
53,2.9,250,17.8,14.7,0.1661666667
54,6.9,193.2,16.9,17.7,0.1613541667
55,0.5,286.4,18.4,15.4,0.1566666667
56,13.1,109.4,17.4,19.5,0.1640520833
57,16.1,61,12.9,13.7,0.21205
59,0.2,199.9,14.2,12.4,0.1865394737
60,3.4,210.1,14.9,15.3,0.17853125
61,0.3,226.9,17.4,15.3,0.1709583333
62,4.2,237.6,19.5,19.4,0.1634166667
63,0.1,300.2,20.3,17,0.1569270833
64,2.5,238.3,20.3,18.7,0.1503229167
65,17.4,35.3,18.7,20.8,0.1445729167
66,13.6,155.3,19.4,20.2,0.15015625
67,12.4,24.1,14.7,15.7,0.1554375
68,6.5,69.3,16.7,18.9,0.1828541667
69,7.9,135.6,17.6,19.9,0.1848125
70,7.5,169.3,18.7,19.8,0.1836145833
71,1.1,191.6,19.7,18.8,0.1747708333
72,0.4,257.9,17.9,13.3,0.1783229167
73,0,298.7,16.3,11,0.1732395833
74,0,273.8,19.2,12.7,0.16521875
75,0,283.6,18.4,13.9,0.1586354167
76,0.9,222.1,21.3,17.5,0.1521666667
77,9.4,175.7,17.2,15.4,0.1469791667
78,0,286.5,14.5,9.4,0.1423229167
79,0,282,16.5,10.6,0.1368020833
80,0.6,202.6,19.9,14.1,0.15415625
81,0.1,223.3,19.2,16.9,0.1661875
82,6.4,224.9,22,20.5,0.1654895833
83,17.6,129.7,12,12.9,0.1691458333
84,2.9,86.4,7.6,6.9,0.1786145833
85,0,273.6,9,6.4,0.1814375
86,0.4,84.2,11.9,11.3,0.1746666667
87,1.2,105.5,12.7,13.3,0.1722916667
88,16.7,56.9,9.3,11.2,0.2173541667
89,0.4,244,8,6.9,0.2073854167
90,20.3,13,10.1,12.2,0.2131145833
91,0.8,164.3,9.1,8,0.21315625
92,0.4,190.7,12.7,9.8,0.2030104167
93,8.2,233.8,8.7,7.9,0.2225104167
94,0,232.7,9,7.8,0.2052708333
95,0.8,115.5,12.3,11.3,0.1964479167
96,12.4,96.4,13.1,14.9,0.2273125
97,1,195.1,11.7,10.4,0.2111666667
98,2.4,139.8,11.9,12.1,0.2004895833
99,0.3,167.2,9.7,8.7,0.1931979167
100,0.1,192.6,7.6,7.3,0.1870208333
101,0,233.1,8.2,6.9,0.1813020833
102,1.4,157.9,15.5,15.6,0.17553125
103,0,213.5,16.7,16.3,0.1700833333
104,0,215.2,18.9,17.1,0.1648854167
105,0,214,18.4,14.8,0.159875
106,0.2,155.1,18.6,17.7,0.15509375
107,3.8,85.5,19.5,21.6,0.15190625
108,8.2,106,15.2,15.2,0.1662291667
109,1,145.1,12.4,11.2,0.1766875
110,0,201.7,15.1,12.8,0.1717708333
111,0,151.1,16.4,12.3,0.1663541667
112,8,65.1,13.2,13.4,0.1667395833
113,0.1,145.6,8.6,8.1,0.1688854167
114,0,155.6,10.9,9.4,0.16646875
115,10.9,35.2,13.2,14.8,0.1634791667
116,4.9,89,11.7,11.1,0.1626458333
117,14.3,90.7,9.4,10,0.1791979167
118,0.1,119.9,7.8,6.6,0.1936354167
119,8.8,34.2,12.2,12.9,0.1911666667
120,38.8,20.3,8.5,11,0.2279375
121,3.2,29.6,6.4,9.5,0.2264166667
122,2.9,101.3,4.6,7.2,0.2168645833
123,7.3,97.3,1.6,6.5,0.2224583333
124,0.6,119,1.2,5.2,0.2129166667
125,0.4,108.3,1.9,5.4,0.20559375
126,10.6,9.5,3.8,7.8,0.20709375
127,4.2,80.4,2.5,7.2,0.2296458333
128,3.6,66.4,1.2,5.6,0.2275
129,2.8,26.4,3.1,6.7,0.2207291667
130,1.4,21.9,4.7,8.2,0.2197395833
131,0,155.2,1.2,5.5,0.2126041667
132,0,144.2,12.1,12.2,0.2062083333
133,0,146.8,13.5,13.7,0.2
134,1.1,130.2,12.1,12.1,0.1947604167
135,0.5,88.2,7.8,7.1,0.1902604167
136,2.8,41.8,6.4,9.1,0.1872291667
137,47.4,3.8,5.2,8.6,0.226
138,9.9,60.1,-0.1,5.3,0.2404791667
139,1.1,53.9,0.2,4.9,0.23075
140,0.3,93.5,-1.6,3.7,0.2263958333
141,0.1,115.6,-2.7,3.3,0.2182083333
142,0.5,107.7,-2.6,3.3,0.2126458333
143,0,128.9,-2.9,2.9,0.2080520833
144,0.4,83.6,-2.5,3.5,0.2038229167
145,0.4,82.6,-1.5,3.7,0.19971875
146,1.3,90.4,-1.4,4,0.19675
147,5.9,21.7,1.7,5.9,0.19625
148,5.4,17.1,2.7,7.4,0.2142395833
149,1.7,46.3,0.5,6.1,0.2190625
150,0.8,81.5,-1.9,4.4,0.216
151,10,13.9,1,6.4,0.2130625
152,5,34.6,-0.5,5.4,0.2295104167
153,5,6.2,-0.1,5.5,0.2236770833
154,4.3,37.6,0.3,6,0.2253229167
155,0,74.2,-3.3,3,0.22503125
156,0.4,47.7,-3.2,3.2,0.2176979167
157,0,63.7,-4.7,2.3,0.2123125
158,10.2,5.8,-1.9,5.1,0.2081770833
159,0.8,54.8,-3.7,3.8,0.20496875
160,3.1,58.7,-3.5,3.7,0.2018125
161,0.7,77.2,-9,1.9,0.1985625
162,0.4,37.8,-6.7,2.4,0.1958020833
163,2.3,55,-1.9,4.7,0.1932083333
164,3.2,21.1,-0.2,5.4,0.1909479167
165,2.2,24.5,0.2,5.9,0.1901666667
166,13.7,6,-1.9,4.8,0.1928229167
167,5.4,17.2,-6.2,2.9,0.1913229167
168,0.4,62.2,-6.2,3,0.1903125
169,0,80.3,-9.1,2.6,0.1889479167
170,0.2,39.5,-2,5.1,0.1875
171,0.1,48.4,0.1,5.1,0.1859479167
172,22.1,2.2,5.5,8.9,0.21440625
173,9.3,42.6,-0.7,5.6,0.23578125
174,0.2,27.4,0.1,5,0.224875
175,0,69.4,-5.5,2.7,0.2197083333
176,1.4,12.7,-0.7,3.9,0.2141145833
177,1.4,30.5,5.5,7.9,0.2173541667
178,4.7,44.4,-4.4,3,0.2330208333
179,0.1,43.4,-1.2,3.9,0.2225520833
180,0.5,51.4,-3.1,3.9,0.2165104167
181,1.2,26.1,-2.5,4.5,0.2117395833
182,21.7,4.4,-5.8,3.3,0.2074479167
183,1,24,-5.5,3.2,0.20475
184,1.6,19.5,-7.9,2.5,0.2019375
185,0.2,42.3,-12.3,1.5,0.1993020833
186,0.5,40.6,-9.5,2.1,0.1968645833
187,0.2,54.2,-13.5,1.5,0.1945104167
188,0,62.7,-16.8,1.2,0.1921458333
189,0,53.8,-16.1,1.1,0.1899479167
190,0,61.8,-11.7,1.1,0.18790625
191,0,59.4,-13.7,1.3,0.1859166667
192,0,51.2,-10.8,2,0.1840625
193,5,22.8,-8.9,2.7,0.18221875
194,16.8,1.5,1.7,6.5,0.1833020833
195,5.2,28.3,-13.1,1.8,0.1992395833
196,0.2,56.7,-19.9,1,0.1973229167
197,0,55.3,-14,1.5,0.1946770833
198,3.3,9,-9.8,2.5,0.1919583333
199,0.4,31,-9.4,2.4,0.189375
200,8.4,7.4,0.3,5.9,0.1871666667
201,12.4,4,-5.9,3.3,0.1851041667
202,1.3,32.4,-10.6,2.1,0.1832708333
203,0.3,38.9,-16.4,1.4,0.1813645833
204,1.2,40.9,-16.6,1.5,0.1794583333
205,3.2,6.2,-9.1,3.1,0.1777708333
206,1.6,12.9,-3.3,4.6,0.1760416667
207,4,3.5,-2.1,4.9,0.1743958333
208,4.1,4.3,-0.4,5.6,0.1727395833
209,0.7,40.8,-5,3.5,0.1711458333
210,0,54.5,-11,2.3,0.1695833333
211,0,38.7,-1.4,3.5,0.1680208333
212,0.5,17.4,2.3,6.3,0.1666666667
213,8.8,3,-4.4,4.1,0.1657916667
214,1.7,38.6,-13.5,1.8,0.1645104167
215,0.5,47,-15.7,1.5,0.1634479167
216,0.4,24.2,-15.3,1.5,0.1625
217,4.2,8.2,-5.2,3.8,0.1613645833
218,0.9,39.5,-11.4,2.2,0.1604270833
219,0.2,43,-20.9,0.9,0.1595729167
220,2.8,14.3,-19.8,1,0.1584583333
221,0.2,49.7,-27.1,0.5,0.15753125
222,0.1,55.3,-30.6,0.4,0.1566979167
223,0,63.3,-28.4,0.5,0.15546875
224,0,68.1,-29.9,0.4,0.15421875
225,0.5,39.4,-25.7,0.6,0.1527604167
226,0,63.9,-28.2,0.5,0.1509375
227,1.4,47.8,-26.6,0.5,0.1485416667
228,0,70.5,-32,0.3,0.145875
229,1.1,30.1,-30.5,0.4,0.1427083333
230,1.6,36.3,-13.3,1.6,0.138375
231,0.2,60.2,-16.2,1.4,0.1323125
232,2.4,23.1,-14,1.7,0.12321875
233,2.2,27,-9.3,2.4,0.1150208333
234,0.4,41.5,-15.6,1.4,0.1079895833
235,0.1,76.9,-20.3,1,0.1025104167
236,2,23.9,-15.1,1.5,0.09776041667
237,1.2,52.4,-22.7,0.7,0.093125
238,0.1,76.7,-30,0.4,0.088625
239,0.1,81.6,-30.2,0.4,0.08330208333
240,0,89.3,-32,0.3,0.07738541667
241,0,81.9,-26,0.5,0.07030208333
242,0.2,53.4,-18.8,1.1,0.06382291667
243,1.3,41.1,-16.5,1.3,0.05761458333
244,3.5,27,-14.1,1.6,0.05334375
245,1.7,66.6,-9.8,2.4,0.05134375
246,0.7,59.1,-5.6,3.5,0.05045833333
247,0.1,75.8,-9.9,2.6,0.05007291667
248,0.1,74,-6.1,2.8,0.05054166667
249,6.6,32.3,-10.5,2.7,0.051
250,0.3,91.1,-15.2,1.4,0.05157291667
251,0.5,52.3,-17.4,1.2,0.05232291667
252,3.1,36.6,-15.7,1.4,0.0525
253,0.3,101.5,-18.5,1.2,0.05228125
254,2.5,34.8,-6.2,3.3,0.05165625
255,2.7,48.8,-6.4,3.3,0.05115625
256,0.4,86.5,-15.8,1.4,0.05102083333
257,0.5,85.1,-16.4,1.1,0.05146875
258,4.5,35.3,-9.9,2.3,0.0515
259,0.9,120.7,-27.4,0.5,0.0515
260,0.1,109,-26.5,0.5,0.0515
261,0.1,129.9,-26.1,0.5,0.0515
262,0.2,69.3,-15.8,1.2,0.05085416667
263,0.4,95.1,-10,2.2,0.04985416667
264,0.2,99.5,-9.3,2.6,0.04922916667
265,0.1,129.8,-11.6,2,0.04878125
266,3.4,19,-7.3,2.8,0.0485
267,5.1,35.9,-9.3,2.6,0.0485
268,0.1,141.1,-16.6,1.3,0.0485
269,0,147.9,-16.4,1.3,0.0485
270,0,133.1,-13.2,1.6,0.0485
271,0,152.5,-17.6,1.1,0.0485
272,0,144.3,-14.5,1.3,0.04848958333
273,0.2,107.2,-6.5,2.8,0.048
274,1.9,28.8,-4.9,4.1,0.04759375
275,0.3,92.1,-2.5,4.5,0.04789583333
276,6.9,23.8,1.6,6.5,0.048
277,0.5,146.9,-8.1,2.4,0.04897916667
278,1.9,102.1,-7.5,2.6,0.05110416667
279,3.5,85.4,-12.9,1.9,0.05279166667
280,5.1,44.5,-7.3,2.7,0.05364583333
281,0,178,-13.2,1.8,0.05382291667
282,0,177.6,-14.2,1.7,0.05301041667
283,0,175.3,-11.2,2,0.053
284,0,165.7,-4.2,2.6,0.05253125
285,0,131.2,-2,3.9,0.052
286,0.2,101.7,-8.3,2.8,0.05157291667
287,0.8,178.4,-14.9,1.2,0.05154166667
288,0.7,81.3,-12.1,1.6,0.05246875
289,5,88,-7.7,3,0.0523125
290,0,209.5,-19.4,0.8,0.05159375
291,0,211.6,-16.6,1,0.0515
292,0,213.4,-14.3,1.3,0.0511875
293,0,201.7,-9.8,2.1,0.050625
294,8.4,37,-3.1,4,0.04989583333
295,3.2,93.7,-9.3,2.7,0.0495
296,0.2,202.1,-20,0.8,0.0495
297,1.1,147.1,-13.3,1.7,0.0495
298,0,224.4,-9.2,1.9,0.0495
299,4.4,29.7,1.2,6,0.0495
300,13.2,8.9,2.7,7,0.05311458333
301,0.1,236.2,-4.3,2.7,0.07357291667
302,0,235.4,-0.4,3.3,0.07676041667
303,0,222,4.4,4.3,0.09085416667
304,0.6,74.6,2.1,6.8,0.1194270833
305,0.5,178.7,-3.6,2.9,0.12890625
306,0,252.4,-3.2,3.3,0.1297395833
307,0,237.3,0.3,4.8,0.1332916667
308,2.1,122.4,0.1,5.5,0.14825
309,3.7,94.7,-7.2,2.4,0.1649270833
310,0.2,213.3,-9.6,1.5,0.1652291667
311,0,251.3,-5.9,2.5,0.1630625
312,0,218.4,-2.7,2.7,0.16134375
313,0.2,164.4,-4.5,2.6,0.160375
314,2.6,103,-6.9,2.4,0.1598645833
315,0.9,151.3,-4.1,2.9,0.1595
316,0.7,193.7,-2.4,3.3,0.1595729167
317,0.1,252.8,-1.7,2.7,0.1595208333
318,0.8,156.1,-1.3,4.1,0.1598020833
319,0.4,257.8,-1.6,3.7,0.160125
320,0,288.5,-4.5,2.2,0.160125
321,0,268.1,3,2.6,0.15990625
322,0,217.9,4.3,5.4,0.1773541667
323,0,276.3,-0.1,3.3,0.2056666667
324,43.8,22.3,3.9,8,0.2225104167
325,0.4,297.2,-0.4,2.7,0.2149583333
326,12.3,106.8,4.8,6.6,0.2091666667
327,7.5,162.3,-1.4,3.6,0.228
328,0,299.4,-1.5,1.8,0.2127708333
329,1.2,301.9,-6.1,1.5,0.21403125
330,0,247.9,-1.9,1.7,0.20615625
331,5.8,64.9,1.8,6.5,0.2008645833
332,3.1,144.5,0.6,4.9,0.2031458333
333,0,321.9,-3.1,2.3,0.2095104167
334,9.3,189.7,5.6,7.6,0.23015625
335,0.7,118.3,0.3,4.8,0.2369166667
336,14.9,17.5,1.8,6.8,0.2395625
337,19.4,23.5,-0.2,5.4,0.2388333333
338,8.1,73,-0.5,5,0.2305
339,0,292.5,-0.5,3.7,0.2190833333
340,0,294.8,3.5,5.3,0.2216875
341,5,45.4,4.7,7.9,0.2372604167
342,1.5,296,-2.7,2.6,0.2376458333
343,0,270.6,1.8,2.9,0.2293333333
344,0.1,331.3,2.2,2.9,0.2450520833
345,7.2,168,7.3,7.8,0.2494166667
346,1.1,331,3.3,4.3,0.2556666667
347,0,79.6,2.5,2.9,0.2430833333
348,8.2,59.2,3.8,7.4,0.2477391304
349,19.5,36.3,11.4,13.4,0.2646770833
350,6.6,229.9,2,5.3,0.2633645833
351,0,312.4,4.9,4.5,0.24490625
352,0.1,179.7,9.8,7.1,0.2463125
353,11,252.4,9.1,7.7,0.25903125
354,0,337.6,9.5,5.7,0.24571875
355,8.6,142,11.5,10.7,0.24321875
356,0.3,345.3,3.1,3.5,0.2385208333
357,0,333.2,5,4.7,0.2255729167
358,0,359,4.1,4.1,0.2250416667
359,0,257.4,6,4.5,0.2222604167
360,0,324.5,9.9,6.9,0.2193229167
361,6.1,102.3,9.1,11.2,0.2250208333
362,0.8,274.1,11.8,8.2,0.2374479167
363,3.7,249.8,5.4,5.8,0.21925
364,0.5,246.8,3.5,4.5,0.2108645833
365,0,362.2,6.1,4.8,0.2033333333
366,0,338.1,9.8,6.7,0.1963854167
367,2.9,201.9,9.3,9.5,0.1897395833
368,2,163.1,8.5,9,0.1805416667
369,2.1,152.9,7.6,9.1,0.1749895833
370,0,360.9,8.6,6,0.173875
371,0,320.3,14.5,7.2,0.16959375
372,3.2,167.5,13.8,11.9,0.1637083333
373,5.6,251.9,11.6,10.8,0.1843958333
374,10.1,106.4,18.4,18.9,0.2107234043
375,3.6,272.2,7.4,6.5,0.2106170213
376,0,357.8,5.9,4.7,0.1947916667
377,0,353.9,7.3,5.6,0.18640625
378,0,362.7,12,7.4,0.1794583333
379,0,329,18.1,10.2,0.1727083333
380,14.7,75,15.8,16.3,0.187875
381,6.9,179.2,11.9,11.6,0.2088645833
382,0.5,290.9,10.5,8.2,0.2000833333
383,0.6,266.4,14.1,11.2,0.1903020833
384,0,229.7,14.8,10.8,0.1819375
385,4.2,135.6,8,8.4,0.17525
386,1.4,206.7,10.4,9,0.1713020833
387,5.2,132.5,12.7,13.2,0.1700833333
388,8.2,168.9,13.1,14.4,0.1720625
389,3.1,228.3,14.4,11.5,0.19825
390,16.6,102.7,12.9,13.5,0.210872093
391,2.2,259.6,11.1,7.5,0.2120729167
392,2.1,122,10.7,9.8,0.1975104167
393,8,137.1,9,9.1,0.1950416667
394,1.5,246.6,11.1,9.9,0.2008229167
395,10.2,160.1,12.3,13.2,0.1932708333
396,0.8,228.9,14,11.4,0.19084375
397,13.3,131.5,13.5,14.8,0.1916770833
398,6.2,153.4,14.8,14.5,0.2156666667
399,0,331.2,17.2,10.8,0.2089375
400,0,262.7,20,13.3,0.19615625
401,22.9,35.9,15.8,15.9,0.2193229167
402,0,339.9,14.5,9.4,0.2127083333
403,2.1,218.6,15.4,13.5,0.1998229167
404,2.7,76.5,14.6,13.7,0.19321875
405,4.7,104.3,14.8,14.9,0.2033085106
406,0,201.7,16.8,13.7,0.1996354167
407,0,287.4,18.9,13.4,0.1916145833
408,5.2,160.8,18,16.4,0.1847444444
410,14.5,99.1,17.3,19.5,0.2146578947
411,10.9,110,16.9,18.4,0.2137604167
412,11.4,140.6,17.3,18.2,0.21303125
413,0.1,296.1,16.3,10.9,0.2040729167
414,0,340.5,17.3,10.8,0.1939583333
415,0,282.5,20,13.7,0.1845
416,3.4,140,16.9,14,0.1768958333
417,0,329.3,18.5,12.9,0.1725104167
418,15.3,120.5,18.7,18.5,0.1714375
419,0.1,314.4,10,6.5,0.20959375
420,0,248.9,13.3,7.9,0.1975833333
421,0,303.4,16.3,9.1,0.1875208333
422,2.2,184.6,15.8,13.9,0.1788958333
423,0.1,283.6,17.2,14.1,0.1778541667
424,0,280.8,20.2,14.2,0.1729166667
425,0,304.5,22.2,14.1,0.1650625
426,0,253.8,22.3,14.5,0.1569895833
427,0.6,219.1,20,16.7,0.1500729167
428,2.1,187.5,17.1,14.3,0.1455729167
429,0.9,244.7,18.7,14.2,0.1404270833
430,5.5,225.6,15.5,12.2,0.1351458333
431,0.2,133.7,10.3,9.7,0.1305
432,0.7,90.2,8.3,8.5,0.12715625
433,1,94.5,10.4,10.3,0.1243958333
434,0.2,187.1,12.7,9.8,0.1220208333
435,0.9,183,14.5,11,0.1187708333
436,0.5,231.1,16.8,14.2,0.1155416667
437,9.8,104,15.8,17.7,0.1138333333
438,9.8,164.3,16.1,17,0.1198333333
439,4.6,181.9,14.3,13.4,0.13021875
440,0.7,183.8,14,12.2,0.1368020833
441,7.3,274.5,11.9,8.9,0.1338125
442,0,191.4,14.9,10.5,0.1301458333
443,0.5,239.5,16.3,11.5,0.12575
444,0,192.2,17.2,11.6,0.1217291667
445,4.4,142,16,13.9,0.1181770833
446,5.8,204.7,14.1,11.9,0.1212604167
447,2.4,191.2,12.3,8.2,0.1249791667
448,0.2,136.5,10.4,7.6,0.12365625
449,3.9,207.3,11.1,10.6,0.1225
450,15,125.7,10.6,10.2,0.161875
451,0,257,9.1,8.5,0.1720520833
452,0,240.2,14.3,10,0.1662083333
453,8.2,51,19.4,21.8,0.1598020833
454,12.5,108,19.2,21.7,0.1613125
455,5.2,127.9,15.5,14.6,0.1839791667
456,5,32.3,9.1,9.7,0.1764166667
457,0.5,131.6,12.1,11.8,0.1720208333
458,3.3,137.3,13,13.9,0.1675208333
459,1.9,147.2,7.1,7.5,0.17984375
460,0,229.2,7.5,6.8,0.1778229167
461,29.2,38.4,11.3,13.2,0.205375
462,0.2,228,9.6,8.6,0.2002083333
463,0.2,150.7,14.1,10.9,0.1908125
464,0.8,107.2,18.2,17.5,0.1838958333
465,2,110.3,17,14.4,0.1805104167
466,0,229.6,8,7.3,0.181125
467,0.1,143.2,8.9,7.6,0.1762916667
468,0,226.6,10.5,8.7,0.1716770833
469,0.1,215.6,15,10.4,0.16628125
470,4.5,81,8.1,9.1,0.1781145833
471,0,212.7,7,6.4,0.18478125
472,0,206.3,15.4,11.7,0.179125
473,3.2,135.3,18.7,18.7,0.1731041667
474,7.2,163.3,17.4,18.9,0.1750416667
475,2.4,72.9,7.8,7.7,0.185625
476,0.6,76.4,6,6.4,0.1855729167
477,0,206.5,5.5,6.5,0.1828645833
478,0.5,28,7.3,8.7,0.1787395833
479,0.2,38.1,12,13,0.1744895833
480,1.1,70.8,13.2,12.8,0.1708229167
481,0,186.6,9.8,10.3,0.1675104167
482,0,181.8,17.6,15.7,0.1634270833
483,0.4,70.8,12.9,11.1,0.15896875
484,0.4,130.7,10.3,9.5,0.1561145833
485,4.4,64.3,12.5,12.8,0.1530833333
486,4.8,115.2,6.7,8.1,0.1916770833
487,0,175.9,7.2,7.4,0.1904791667
488,0,149.6,7.6,9.7,0.184625
489,0,170.1,11.2,10.1,0.1792916667
490,14.9,38.7,7.9,9.1,0.1776145833
491,0,140.5,6.3,6,0.2009270833
492,14.3,30.6,2.9,7.1,0.2091875
493,0.1,144.8,0.8,3.7,0.21025
494,3.3,58.6,3.7,7.4,0.2052708333
495,0,155.1,7.3,9.9,0.2032604167
496,0.9,74.1,14.5,10.8,0.1967604167
497,19.9,31.6,11.8,13.5,0.2025729167
498,4.6,58.5,5.7,8,0.22115625
499,0,141.3,3.5,6,0.2097395833
500,0,146.9,1.9,6.1,0.2025
501,0,142.4,2.2,6.8,0.1978020833
502,0.4,42.2,4.9,7.9,0.1935208333
503,3.1,42.3,8,9.8,0.1901041667
504,8.1,16.6,8.8,11,0.208125
505,3.2,61.9,4.8,8.1,0.21596875
506,2.1,46.9,0.8,5.7,0.2210729167
507,0.1,121.6,-2.6,3.4,0.2177604167
508,0,123.4,-2.9,3.2,0.2107083333
509,0,128.2,-2.3,4.1,0.2059895833
510,0,123.5,-1.2,5.3,0.2018125
511,0,122.3,1.5,5.9,0.1980729167
512,0,120.7,2,6.3,0.1948645833
513,0,115,1.5,6.4,0.19165625
514,0.9,29.4,3.9,7.6,0.1892708333
515,0.5,76.1,-0.4,4.8,0.18865625
516,0.1,90.8,-2.9,3.8,0.1873541667
517,0,109.3,-1.9,4.6,0.18578125
518,6.6,32.6,4.7,7.5,0.1844166667
519,7.4,6.9,5.9,9.2,0.2158541667
520,0.5,65,-1.1,5,0.2160208333
521,6.1,15.1,-0.6,5.4,0.211
522,2.7,67,-3,4.2,0.2068645833
523,0.1,29.1,-0.1,4.2,0.203625
524,9.2,10.4,-1.5,5.1,0.2006145833
525,4.9,15.7,-4.4,3.8,0.1981770833
526,2.6,26.7,-4.7,4,0.1961041667
527,2.3,60.7,-5.9,3.4,0.19415625
528,1.2,72.9,-8.8,2.7,0.1924375
529,7.5,7,-4.1,3.9,0.19046875
530,6.4,56.7,-7.9,2.9,0.1890416667
531,1,60.9,-9,2.7,0.18728125
532,0.1,76.6,-12.5,2,0.1853854167
533,0,77.9,-3.3,4.2,0.1836041667
534,0,53,-4.1,4.1,0.1819583333
535,0,54.2,-2.7,4.8,0.18040625
536,0.5,22.4,1.7,6.6,0.1789479167
537,1.2,16,2.2,7,0.17946875
538,1.1,23.1,-1.1,5.1,0.1926979167
539,0.2,58.8,-3.9,4,0.1984166667
540,4.6,8,-0.1,5.6,0.198375
541,1.1,53.1,-4.5,4,0.1976354167
542,0.3,26.7,0.1,5.3,0.1963333333
543,1.9,46.2,-3.9,3.7,0.1948125
544,9.1,7.8,-7,3,0.1934375
545,1.5,30.1,-7.7,2.6,0.1916979167
546,0.8,65.4,-10.1,2.3,0.1897604167
547,10.3,5.5,2.7,6,0.1879791667
548,1.7,45.7,-6.4,3,0.1866875
549,1.3,24.6,-0.4,4.3,0.18540625
550,2.2,13,-5,3.9,0.1841041667
551,0.3,50.6,-16.4,1.4,0.1825
552,0.1,60.4,-21.2,0.9,0.18071875
553,5.4,7.8,-7.1,3.1,0.1792395833
554,1.4,56.2,-20.4,0.9,0.1778125
555,0.1,57,-20.4,1,0.1763958333
556,0.4,40.9,-16.2,1.3,0.174875
557,15.2,6.9,-7.8,2.8,0.1735208333
558,0.3,24.9,-8.5,2.8,0.1721770833
559,0.5,33,-7.2,3.4,0.1707708333
560,1.4,14.9,-8.6,2.5,0.1692604167
561,0.1,49,-12.9,2,0.1677395833
562,0.3,27.6,-15.4,1.5,0.1663541667
563,0.7,30.3,-15.2,1.5,0.1649791667
564,0.1,39.8,-14.4,1.7,0.1634270833
565,3,8.8,-3.2,4,0.16209375
566,3.7,44.9,-17.2,1.3,0.1608125
567,2.2,13.9,-12.3,1.8,0.1595416667
568,5.9,14.8,-20.8,0.9,0.1580729167
569,0.1,56.7,-29.2,0.4,0.15671875
570,2.8,13,-25.2,0.6,0.15528125
571,1.3,33.9,-16.5,1.7,0.1538333333
572,17.5,5.6,-9.7,2.6,0.1523333333
573,1.6,40.1,-22.7,0.7,0.1505520833
574,0,59.6,-30.8,0.3,0.1487604167
575,0,59.5,-34.4,0.2,0.1469583333
576,0,60.1,-31.9,0.3,0.1452291667
577,2.3,14.2,-15.6,1.7,0.14315625
578,2.5,52.2,-16,1.4,0.1411979167
579,0,55.8,-16.6,1.4,0.1391666667
580,13.2,5.4,-1.1,5.5,0.13721875
581,4.2,55.2,-18.8,1.1,0.1512083333
582,3.3,14,-21.3,0.9,0.15365625
583,1,41.7,-14.5,1.6,0.1521979167
584,0.2,40,-21.6,0.9,0.1506770833
585,0.1,60.6,-23.6,0.7,0.1491145833
586,0,61.7,-20.7,0.8,0.1473125
587,0,61.9,-14.9,1.5,0.14553125
588,0.5,29.3,-9.6,2.5,0.1434375
589,0.1,34.8,-16,1.3,0.1413229167
590,4.5,17.5,-10.7,2.2,0.139125
591,0.2,61.5,-18.5,1.1,0.1369479167
592,0,54.6,-16.9,1,0.13484375
593,20.8,1.6,3.9,7.6,0.13278125
594,8.3,53,-12.8,2.3,0.1306979167
595,0.2,60.5,-21.1,0.8,0.1290104167
596,0.1,75.3,-26.1,0.5,0.1277916667
597,0,68.7,-31.1,0.3,0.1266770833
598,0,77.5,-30.5,0.3,0.1255520833
599,3.9,13.5,-18.5,1,0.1239270833
600,0.5,76.4,-27.4,0.5,0.12209375
601,0,81.7,-31.9,0.3,0.11971875
602,0.1,49.6,-32.8,0.3,0.1166770833
603,0,84.1,-31.7,0.3,0.11296875
604,1.6,18.2,-17.9,1.2,0.10740625
605,0.2,87.7,-25.1,0.6,0.09991666667
606,0,90.3,-31.3,0.3,0.09302083333
607,0,89.2,-30.7,0.4,0.08572916667
608,0,78.7,-20.8,0.8,0.0785625
609,0.7,51.9,-8.8,2.2,0.07145833333
610,0.2,93.5,-19.9,1,0.06638541667
611,0,85.3,-16.3,1.2,0.06323958333
612,1,75.2,-10.3,2.4,0.06120833333
613,0,83.9,-6.2,3.4,0.06021875
614,0.2,79.1,-4,3.5,0.059875
615,0.5,45.9,-1.3,4.7,0.06
616,0.1,92.2,-6.1,3.3,0.06075
617,0,76.6,1.3,4.1,0.06209375
618,4.5,6.1,-1.1,4.9,0.06369791667
619,4.4,13.5,-7.9,2.9,0.06571875
620,0.1,115.9,-16.9,1.3,0.06834375
621,0,110.9,-18.1,1.2,0.07129166667
622,0,117.6,-17.5,1.2,0.073125
623,0.9,48.5,-10.9,2.2,0.07283333333
624,0.3,115.7,-16.4,1.3,0.07077083333
625,4.6,76.8,-12,2,0.06836458333
626,13.9,42.4,-0.8,5,0.06607291667
627,0.2,90.3,-12,2.1,0.06447916667
628,0.1,100.6,-17.4,1.2,0.06388541667
629,0.2,134.4,-22.7,0.7,0.06392708333
630,0.6,82.4,-22.3,0.7,0.06382291667
631,0,143.5,-25.8,0.5,0.06364583333
632,1,63.3,-17.9,0.9,0.06296875
633,1.5,70.4,-13.8,1.6,0.06184375
634,0.1,129.7,-18.6,1,0.0605625
635,0,147.8,-21.7,0.7,0.05942708333
636,0,153.7,-20.7,0.7,0.05846875
637,0,156,-19.4,0.8,0.05746875
638,0,158.3,-17.4,1,0.05670833333
639,0,135.4,-17.7,0.9,0.05585416667
640,0,74.4,-11.4,1,0.05511458333
641,0.2,125,-13.8,1.3,0.05429166667
642,0.4,127.6,-16.4,1.1,0.054
643,0.6,123.1,-13.3,1.5,0.05375
644,0.1,142.1,-13.4,1.4,0.0535
645,1.1,135.8,-16.9,1,0.0535
646,0.4,120.8,-21.6,0.7,0.0535
647,1.5,180.3,-19.4,0.8,0.0535
648,2.1,96.8,-21,0.7,0.05325
649,0.8,136.4,-18.9,0.9,0.05277083333
650,0.6,126.5,-13.7,1.6,0.05210416667
651,0.4,132.9,-7.9,2.6,0.05182291667
652,1.9,127.8,-5.9,2.8,0.0515
653,0.6,98.8,-6.9,2.6,0.0515
654,0.4,78.3,-6.6,3,0.0515
655,2.4,109.4,-5.2,3.3,0.0515
656,0.1,161.6,-6.9,2.8,0.0515
657,0.1,150.2,-6.6,2.8,0.0521875
658,0.2,149.8,-5,3.2,0.0525
659,0,194,-3.7,3.4,0.05258333333
660,0,198.2,-6.1,3.2,0.05340625
661,0.8,148.3,-5.8,3.4,0.0535625
662,0.3,202.3,-7.2,2.5,0.0545
663,0,179,-3.2,2.9,0.05460416667
664,3.5,223.5,-12.7,1.5,0.0555
665,0,224.2,-6.9,2,0.05552083333
666,0.5,172.9,-0.4,3.6,0.05640625
667,0,132.4,-0.4,4.6,0.05652083333
668,0,219.6,-1.1,4.3,0.05707291667
669,0,231.8,1.4,3.9,0.05995833333
670,0,216.1,5.1,4.2,0.06396875
671,5.9,21.2,1.2,6.3,0.07402083333
672,0.6,198.4,-2.1,3.6,0.0815
673,14.3,16.2,0.8,6.2,0.08394791667
674,6.9,42.4,0.9,6.3,0.09314583333
675,1.7,250.1,1.8,3.8,0.09582291667
676,0.1,241.9,-0.4,4.5,0.099375
677,0,176.1,-0.8,3.9,0.0995625
678,0.1,201.6,-2.9,3.5,0.102625
679,0.2,160.7,-0.8,4.1,0.104375
680,0.8,266.2,-4.3,2.6,0.1076041667
681,0,276.3,-4.5,2.7,0.1115208333
682,0,271.5,-1.4,3.1,0.1150833333
683,0,260,1.9,4.3,0.1203229167
684,0,283.1,-2.5,2.6,0.134125
685,0,287.5,-1.1,3.3,0.1438020833
686,0,287.1,6.1,4.4,0.1583541667
687,0,278.6,5,5,0.1818541667
688,0,282.3,2.4,3.5,0.1939479167
689,3.5,79.8,6,7.8,0.2002291667
690,0.6,285.1,-2.1,2.4,0.2079479167
691,0,308.5,-3.3,1.8,0.20184375
692,0,234.1,1.5,3.2,0.1997083333
693,0,271,1.3,3.4,0.1988125
694,5.6,28.4,4.3,7.6,0.210375
695,11,15.6,5.9,9.2,0.2303333333
696,1,243.5,6.1,6.4,0.2244375
697,3.8,164.5,8.3,8.7,0.2336770833
698,12.2,21.6,2.3,7.2,0.2348958333
699,7.1,70.1,0.8,6.4,0.2235520833
700,2.3,178.2,4,6.9,0.2315
701,5.7,163.4,4.5,6.6,0.2384166667
702,4.5,180.5,3,6.4,0.22615625
703,2.6,244.3,3,5.8,0.23046875
704,1.1,267.3,4.4,4.7,0.22490625
705,0.5,261.4,7.4,5.1,0.22365625
706,0,304,10.9,5.9,0.22003125
707,0,248,11.4,7.1,0.2195416667
708,0,322.1,12.1,6.8,0.219
709,3,69.7,10.2,9.6,0.2179166667
710,1,220.2,17,10.5,0.2163229167
711,5.8,59.1,2.6,6.4,0.2162916667
712,0,337.4,-2,2,0.2049375
713,0,322.8,1.3,2.7,0.1979791667
714,0,88.7,3.3,3.4,0.1932708333
715,3.2,49.4,6.9,8,0.19
716,7,161.7,7,9.7,0.18671875
717,11.5,58.5,3.9,7.8,0.2221875
718,0.7,220.3,6.4,6.5,0.2127708333
719,0.6,265,9.6,8,0.2007291667
720,0.9,247.7,9.8,9.1,0.1923958333
721,0.1,228.4,10.3,8.7,0.1857395833
722,0,313.7,9.8,7.3,0.1794479167
723,0.8,104.5,9.2,8.7,0.1729895833
724,0,348.3,14,7,0.1671770833
725,0,338.9,16.1,8.5,0.1608958333
726,0,348.4,14.4,7,0.1546354167
727,1.2,272.4,13.2,8.2,0.1485833333
728,3.4,159,12,11.7,0.1434375
729,0,239,14.7,11.5,0.1392708333
730,1,279.6,15.3,12.5,0.13440625
731,1.9,256.7,16,13.7,0.1291770833
732,0,342,18.1,11.5,0.1240208333
733,0,335.3,20.8,10.2,0.1186145833
734,0,280.8,21,10.8,0.1128333333
735,0,272.1,17.7,10.5,0.1073125
736,0.3,238.1,15.3,8.3,0.10253125
737,32.8,76,16.2,17.5,0.1162916667
738,7.7,100,14.2,12.5,0.1518020833
739,0,361.4,10.3,6.2,0.1558125
740,0.5,260.8,15.1,11.4,0.15221875
741,11.4,317.3,20.5,17.7,0.1469895833
742,0,331,22.9,15.3,0.1413333333
743,15.6,128.4,20.9,24.2,0.13590625
744,1.8,243.7,21.4,20.6,0.17475
745,2.9,208.8,18.3,19.2,0.17296875
746,35,19.2,12.9,14.8,0.1838541667
747,17.7,19.9,10,12.1,0.2054270833
748,1.1,109.4,11.2,10,0.1965729167
749,0,300,15.4,10.6,0.187375
750,0,351.5,18.2,11,0.1784479167
751,0.5,314.9,20.6,15.5,0.1706770833
752,10,277.2,17.7,15,0.1934270833
753,0,352.2,11.1,6.9,0.1877916667
754,0.1,170.1,14.7,10.9,0.1796041667
755,3.6,189.1,22.1,17.1,0.1766666667
756,9,286.5,19.2,15.6,0.1957
760,4,315.5,16.5,11.2,0.1615333333
761,0,349.6,19.4,11.6,0.171395
762,9,241.6,18.6,18.5,0.171751875
763,1.8,273.3,12.4,7.8,0.1880972917
764,0,316.2,20.2,11,0.1919983333
765,0.6,256.4,20.1,14,0.1897916667
766,1.8,224,15.7,11.4,0.1737604167
767,0,355.9,16.4,9.1,0.1597380952
768,0,351.4,19.5,12.1,0.1182819149
769,0,349.4,21.6,13.6,0.1134166667
770,0,337.3,22.7,12,0.1083072917
771,1.4,276,23.5,13.3,0.1029114583
772,0,335.5,24.6,13.8,0.09757291667
773,0,339.2,25.3,15.5,0.09229166667
774,8.4,256.7,21.6,21.8,0.08735416667
775,2.3,318.3,19.5,13.5,0.084
776,0,339.1,21.3,13.3,0.07991666667
777,0,330,24.2,14.4,0.07545833333
778,0,250.8,25.7,18.2,0.070953125
779,9.3,147.8,22.3,23.9,0.06794791667
780,8.4,213.9,18.2,18,0.07466145833
781,0,340.7,16.3,9,0.074875
782,6,165.7,18.9,13.8,0.07247916667
783,0,278.8,15.6,10.1,0.06990625
784,0.8,272.4,14.7,10.1,0.06753645833
785,0.1,283.6,16.1,10.1,0.065234375
786,16.8,160.8,18,18.3,0.07528125
787,2.2,80,16.3,17.3,0.077453125
788,1.3,217.8,12.6,9.6,0.07678125
789,0.1,257,15.1,9.4,0.07522395833
790,8.3,168.1,13,12,0.074125
791,0.1,218.3,12.7,9.2,0.07524479167
792,0.6,188,14.2,11.2,0.07403645833
793,11.3,150.5,15.7,16.2,0.07594791667
794,7,203.9,17.3,15.1,0.0825
795,0,313.8,16.4,11.2,0.0973875
796,3,138,18.9,16.5,0.094640625
797,10.3,213.7,15.7,14.1,0.09500520833
798,0,300.9,18.5,11.2,0.095484375
799,8.2,223.5,18.1,16.3,0.09253125
800,0.1,264.3,17.4,15.7,0.08952083333
801,9,82.1,19,18.2,0.08702604167
802,0,195.2,15.1,13.9,0.085234375
803,2.3,220.3,13.8,11.4,0.08671875
804,0.2,215.3,15,11.3,0.08540104167
805,2,251.9,16.6,13.8,0.08338541667
806,0.1,217.4,13.5,10.3,0.08127083333
807,0.1,194.7,14.9,11.1,0.0789375
808,5.5,184,14.4,13,0.07679166667
809,0.4,173,11,8.5,0.077984375
810,0,226.7,10.1,8,0.07680729167
811,0,202.7,13.3,11,0.07504166667
812,9.5,65,14.9,15.2,0.073234375
813,9.7,143.8,15.4,16.2,0.07301041667
814,8.9,117.9,12.1,13.7,0.07508333333
815,0.1,210.3,12.4,10.2,0.09429166667
816,0,223.5,14.4,12.1,0.09398958333
817,0,268,14.9,11.7,0.09157291667
818,0,262.3,16.5,12.5,0.088859375
819,0,251.5,18.7,13.5,0.08628645833
820,10.3,78.9,17.3,17.5,0.08399479167
821,1.2,184.3,17.5,15.5,0.08278125
822,11.3,136.7,16.6,18.4,0.08590625
823,10.3,120.3,15.5,17.4,0.1075904255
824,3.7,111,15.9,15.5,0.128078125
825,6.2,151.7,14.7,15.2,0.1216979167
826,1.6,113,12.5,11.8,0.1327864583
827,0,200.3,9.2,7.9,0.12346875
828,0,228.2,11.6,9.5,0.1184947917
829,0,224.9,17.3,13,0.1146770833
830,2.9,174.4,17.5,15.7,0.1110444444
831,0.3,159.2,11.7,10.1,0.108359375
832,0.4,150.1,8.4,7.8,0.1062760417
833,0,219.3,8.4,8.4,0.1042083333
834,3.5,99.6,16.9,14.7,0.10775
835,5.2,176.5,14.7,14,0.1281458333
836,3.1,144.2,20.2,19.7,0.125703125
837,9.1,133.1,17.8,18.3,0.1260260417
838,1.9,185.7,11.3,10.2,0.136046875
839,0,205.6,9.9,9.2,0.1286510417
840,0,205,10.7,10.5,0.1236197917
841,0.1,168.7,13.6,11,0.1194739583
842,1.6,147.1,8,8.6,0.124390625
843,14.1,8.6,6.7,9.4,0.135484375
844,3.8,106.8,8.5,10,0.1433111111
845,3.1,56.8,9.6,11.6,0.138484375
846,0.6,97.9,6.5,6.9,0.1359427083
847,0,172,5.9,6.7,0.1326458333
848,3.4,24.5,9.2,10.2,0.1290052083
849,0.1,102.6,7.5,8.8,0.1274270833
850,3,121.2,6.6,8.3,0.1276614583
851,0,141.8,11.4,9.8,0.1315364583
852,34.9,2.2,7.2,10.1,0.1478645833
853,1.6,118.5,6.1,7.4,0.1550885417
854,1.6,125.8,11.6,11,0.149046875
855,0,151.6,11.3,12.6,0.1452083333
856,0,161.3,17.1,14.9,0.1396354167
857,4,25.1,14.8,14.7,0.1435885417
858,12.6,3.7,6.2,9.3,0.162462766
859,5.1,54.9,12.2,12.8,0.1676197917
860,2.8,93,3.2,6,0.1617291667
861,0.2,99.9,1.9,4.8,0.15321875
862,0,158,3.1,6,0.148234375
863,0,138.8,3.8,7.7,0.14434375
864,0,150.2,4,6.9,0.1412083333
865,0,148.9,5.1,7,0.138212766
866,10.3,38.7,6.6,8.1,0.135921875
867,3,38.1,8.6,11,0.15978125
868,5,6.5,9.6,11.8,0.1569479167
869,12.3,7.3,8.2,10.5,0.1691875
870,1.7,36,6.6,8.9,0.1607552083
871,1.3,44.3,5.4,7.9,0.1578958333
872,3.5,30.6,2.1,6.6,0.1601197917
873,2.4,20.1,0,5.5,0.1660989583
874,0.8,23.4,0.7,5.8,0.1650989583
875,0.5,60,2.9,6.3,0.1628072917
876,1.1,54.6,4.1,7.1,0.1595104167
877,0.5,58.3,2.6,5.4,0.1553670213
878,0.4,68.4,2,5.2,0.1516302083
879,0.2,60.9,0.8,4.1,0.14846875
880,0.4,75.1,-0.2,4.1,0.1457447917
881,0,111.5,-1.5,4.3,0.1433697917
882,0,108.6,-0.4,5.7,0.1412447917
883,2,44.8,4.2,8.1,0.139671875
884,12.6,2.5,6,9.3,0.1603333333
885,11.6,7.5,4.4,8.2,0.1739635417
886,2.1,54.6,-0.4,5.2,0.1705851064
887,9.2,6.3,-0.7,5.5,0.1633489583
888,0.8,55.4,-4.6,2.8,0.1595885417
889,2.1,76.1,-3.5,3.6,0.1564895833
890,14.3,19.4,-0.9,5.6,0.1536684783
891,11.6,7.2,-0.6,5.6,0.1615625
892,1.6,35.6,-3,3.8,0.16203125
893,4.4,49,-3.4,3.7,0.15846875
894,10.5,18.1,-1.7,5.1,0.1556614583
895,2.6,37.3,-3.4,3.9,0.153484375
896,0,83.2,-3.3,4.2,0.151765625
897,1.9,24.5,4.6,7.1,0.1504583333
898,3,23.7,-1.5,4.9,0.1662916667
899,0,40.3,-5.1,2.3,0.166375
900,19.8,2,-0.4,5.6,0.1620052083
901,0.8,55.7,-7,2.3,0.1605364583
902,0,76.3,-11.9,1.4,0.1578229167
903,2.5,18.6,-3.6,4,0.1549479167
904,2.1,43.8,-1.7,4.8,0.152453125
905,2.7,7.8,-0.2,5.7,0.150375
906,2.2,36.9,-7,2.9,0.148359375
907,0.4,63.3,-15.4,1.5,0.1464583333
908,0.1,54.6,-12.1,1.9,0.144578125
909,4.4,33,-11.4,2.1,0.1428125
910,0.5,46,-10.5,2.4,0.1410885417
911,0.1,53,-8.1,2.8,0.139546875
912,0.8,18.7,-0.2,5.6,0.1379427083
913,13.9,3,9.3,11.4,0.1415989583
914,7.6,30.6,0.7,6.2,0.175375
915,2.1,26.7,-4,4.1,0.16796875
916,10.8,2.9,-2.5,4.9,0.1630260417
917,7,12.4,-9,2.4,0.160109375
918,0.6,28.7,-10,2.1,0.1576875
919,0.5,35.3,-10.6,2.1,0.1552239583
920,0.6,25.4,-12.8,1.9,0.1527083333
921,0.3,53.4,-17.4,1.3,0.1497552083
922,0.3,35.8,-11,2.1,0.146390625
923,1.2,22.6,-8.3,2.7,0.1425989583
924,5.1,5.8,-6.7,3.3,0.1386822917
925,4.4,12.8,-9.5,2.8,0.1364270833
926,0.2,43.8,-17,1.4,0.13396875
927,0.1,43.9,-20.2,1,0.1297447917
928,0,58.1,-23.4,0.8,0.125951087
929,0,58.8,-22.5,0.8,0.122453125
930,5.1,12.1,-12.5,1.9,0.1206354167
931,2.1,16.8,-5.9,3.4,0.1195104167
932,0.5,27.7,-8.7,2.8,0.1185833333
933,1.6,22.1,-10.3,2.2,0.1171770833
934,1.2,40.7,-15.5,1.5,0.1158177083
935,0.6,26.6,-18.4,1.1,0.11425
936,2,26,-11.7,2.4,0.1127760417
937,1.5,54,-13.5,1.8,0.111515625
938,0.2,50.6,-13.8,1.8,0.1101458333
939,0.4,28.8,-11.3,1.9,0.1087552083
940,0,35.7,-11.2,2.2,0.1073802083
941,0.3,55,-15.7,1.6,0.1059739583
942,0.6,16.7,-6.2,3.6,0.1045833333
943,1.5,16,-9,2.7,0.1034010417
944,0.2,57.1,-18.4,1.2,0.102140625
945,0,60.7,-19.9,0.9,0.100546875
946,0,50.6,-18.3,1.1,0.098625
947,0.2,41,-15.7,1.5,0.09675
948,0,56.1,-18.8,1.2,0.09459895833
949,3.1,6.3,-9,2.7,0.09190104167
950,8.1,4.4,-7.2,3.2,0.08855208333
951,1.2,35,-14.1,1.6,0.08580208333
952,0.2,52.5,-18.7,1.1,0.083515625
953,0,63.8,-20.7,1,0.08145833333
954,0.6,18,-11.5,2.3,0.07876041667
955,0.8,38.9,-7.9,2.7,0.07577604167
956,0.6,55.4,-3.4,3.7,0.07303125
957,4.3,19.4,-1,5.3,0.07097395833
958,2.9,37.2,1.1,6,0.07042708333
959,9.9,14.4,-9.8,2.6,0.07127604167
960,0.2,69.3,-22,0.8,0.072671875
961,0.1,69.7,-19.6,1,0.07391666667
962,0,68.1,-17.8,1,0.07411458333
963,16.3,2.8,-2.5,4.6,0.07184895833
964,2.2,51.8,-12.7,1.8,0.067984375
965,2.4,11.2,-10.9,2.5,0.06488020833
966,0.3,37.8,-13.4,1.9,0.0628125
967,0.2,75.8,-17.1,1.4,0.06080729167
968,2.2,15.4,-7.3,3.2,0.05894270833
969,2.1,30.2,-5.4,3.6,0.05682291667
970,2.7,16.6,-6.4,3.2,0.05464583333
971,0.2,85.5,-16.9,1.3,0.05370833333
972,0,76.5,-8.3,2.5,0.052921875
973,0.8,37.6,-3.7,3.8,0.05188020833
974,0.1,59.2,-16.9,1.2,0.05059375
975,1.9,33,-12.5,1.5,0.04977604167
976,8.1,11.5,-6.2,3.3,0.04875
977,2.1,35.1,-5,3.8,0.04775
978,1,21.1,-3.5,4,0.04711458333
979,6.9,15.9,-3.4,4.4,0.04730208333
980,2.3,58.8,-1.8,4.7,0.04790104167
981,19.2,5.4,-2.6,4.4,0.04892708333
982,2.3,29.4,-5.7,3.5,0.05047395833
983,1.8,34.4,-10.9,2.1,0.051796875
984,0.4,99.4,-16,1.4,0.05338020833
985,0.1,101.9,-24,0.7,0.05491145833
986,0,117.2,-26.3,0.5,0.05561979167
987,0,96.4,-23.4,0.7,0.05555208333
988,0.1,97.7,-15.9,1.4,0.054296875
989,0.3,115,-17.6,1.1,0.05184895833
990,0.2,124.6,-22.9,0.7,0.04898958333
991,1.6,86.1,-11.2,2.3,0.0465
992,0,120.9,-21.4,0.8,0.04439583333
993,10.9,26.3,-19.7,0.9,0.042453125
994,0.4,108.3,-25.6,0.5,0.040984375
995,0.1,134.2,-21.6,0.9,0.03956770833
996,1.2,105.9,-15.4,1.5,0.03852083333
997,0.2,105.1,-18.4,1.1,0.03766145833
998,0.2,88.1,-15.3,1.5,0.03686979167
999,0.8,74.9,-9.1,2.7,0.03603645833
1000,0.9,129.6,-16.8,1.3,0.03560416667
1001,0,140.8,-23.3,0.7,0.03527083333
1002,0.1,152.4,-22.6,0.7,0.034984375
1003,0.9,92.9,-21.6,0.7,0.034953125
1004,2.1,107.4,-19.8,0.8,0.03477604167
1005,2.7,75.4,-14.9,1.5,0.03428125
1006,1.1,141.5,-14,1.6,0.03382291667
1007,2.4,41.3,-12,2,0.03353645833
1008,0.7,103.9,-7.5,2.5,0.03328125
1009,0.3,114.3,-10.6,2.1,0.03324479167
1010,0.2,149.8,-12.4,1.9,0.03325
1011,0.1,159.9,-13.4,1.8,0.03329166667
1012,0,167.1,-14.4,1.5,0.03353125
1013,2.5,91,-5.3,3.2,0.03383854167
1014,18.5,5.4,0,5.4,0.04163020833
1015,0.3,145.3,-1.1,4.5,0.05290625
1016,7.2,41.1,1.2,4.5,0.051234375
1017,0.3,133.3,-2.2,4.2,0.054140625
1018,8.5,81.5,-0.3,5.2,0.05355729167
1019,3.2,66,-4.8,3.7,0.05324479167
1020,1.2,187.5,-9.8,1.9,0.05301041667
1021,0.2,172.9,-13.5,1.6,0.052296875
1022,1.3,103.5,-12.6,1.8,0.05197395833
1023,1.9,116,-11.9,2,0.05285416667
1024,0,211,-9.2,2.1,0.05355729167
1025,2.9,48.4,-3.6,4.1,0.05400520833
1026,0.6,163.4,-1.4,4.8,0.05379610638
1027,0.1,160.7,-1.2,4.9,0.05663805714
1028,0,179,-1.4,4.4,0.05381855882
1029,0.5,161.1,-0.6,4.8,0.054864625
1030,0.1,215.1,-5.1,3.3,0.06106483333
1031,0,222.4,-4.1,3.7,0.06296931579
1032,0,234.6,-1.1,3.8,0.06341325
1033,0.1,182.7,1.4,4.8,0.06078053333
1034,0,130.9,0.5,4.9,0.0693333125
1035,10.1,34.3,2.8,6.8,0.0747626
1036,13,26.3,3.7,6.8,0.09222641026
1037,0.1,247.8,-3.2,3.1,0.1075685
1038,0,151.2,2.2,3.4,0.1098331923
1039,5.1,28.4,1.9,5.4,0.1089862333
1040,1.2,109.9,-0.1,5.2,0.1175181481
1041,1.2,104.5,0.2,5.5,0.1252773529
1042,5.8,209.4,-4.3,3.5,0.13883375
1043,0.8,175.2,-5.2,3,0.143085
1044,0,202.7,-2.5,3.6,0.128194
1045,0.3,233.6,1,4.3,0.1286738235
1046,0,273.4,1,4.1,0.138205
1047,1.3,200.6,8.4,7.8,0.154868125
1048,16,22.9,2.3,7.1,0.1763907692
1049,0.1,253.4,0.4,4.7,0.1645442105
1050,2.4,99.8,2.4,6,0.1638058333
1051,1.9,132.1,2.5,5.9,0.1709377778
1052,0,280.7,1.9,5.3,0.1781153846
1053,0,290.2,4.1,5.5,0.1813594286
1054,0,294,6.9,4.9,0.1843597561
1055,0,294.1,4,4.6,0.1858253659
1056,0,296.4,6.2,4.8,0.17688375
1057,0,288.5,5.5,5.4,0.1828976744
1058,0.5,97.3,5.1,6.5,0.1850070833
1059,0.5,142.5,6,7.8,0.1812258333
1060,6.1,203.9,-2.6,3.4,0.181385
1061,0.2,280.3,-2.1,2.2,0.1769036842
1062,0.1,268.3,-4.8,2.3,0.1597766667
1063,0,319.5,-2,2.7,0.1624565217
1064,0,313.9,3.7,4,0.179484
1065,0,311.6,7.6,5.9,0.1791972727
1066,0,313.5,9.9,6.8,0.183911875
1067,0,310.4,7.5,6.4,0.1809464583
1068,3.4,122.7,6.4,9,0.1867220833
1069,8.2,157.7,10.2,10.6,0.1836829167
1070,0.5,146.6,3.5,6.1,0.1860871429
1071,0.4,248.8,0.1,3.4,0.1820194118
1072,0,332.7,0.1,2.7,0.1746122222
1073,0,290.1,5.9,4.3,0.1672370968
1074,0,300.3,14.4,8.3,0.1732410417
1075,0,281.6,12.8,10.1,0.17561375
1076,1.5,112.7,11.7,12.5,0.1751633333
1077,1.2,150.3,12.3,12.1,0.1693472917
1078,1.1,313.2,14.1,7.8,0.166291875
1079,0,333,15.3,8,0.1575231915
1080,0,333.5,15.6,9.4,0.154880625
1081,0.1,280.3,15.4,9.3,0.1470897143
1084,0,202.3,9.8,8.7,0.137
1090,5.9,137.3,12.5,11.5,0.1408223684
1091,2.9,103.7,10,9.5,0.1401145833
1092,0,351.1,11.1,6.9,0.14871875
1093,0.1,195.7,15,10.3,0.141703125
1094,1.8,275.8,15.5,11.9,0.1382864583
1095,6.7,81.6,13.3,14,0.14509375
1096,7.5,191.2,19.4,19.5,0.157875
1097,0.4,296.2,14.8,10.1,0.150671875
1098,1.5,355.1,13.4,8.2,0.146484375
1099,0,357.7,15.1,7.7,0.1422135417
1100,0,354.1,17.3,10.3,0.136484375
1101,0,238.7,18.2,12.3,0.13103125
1102,0,281.4,20.6,13.1,0.1256302083
1103,2.9,281.3,19.9,16.7,0.1200729167
1104,0,294.5,17.8,12.1,0.114984375
1105,11.8,16.2,9.8,11.8,0.1122395833
1106,5.7,56.1,8.5,10.7,0.1330625
1107,0.7,208,13.3,11.9,0.1334947917
1108,0.2,252.1,16.1,11.1,0.1301979167
1109,0.1,254.1,14.6,8.1,0.1255833333
1110,0,302.4,15.9,8.4,0.1208802083
1111,0.3,252.5,17.2,10.9,0.1168125
1112,0,323.8,21.1,12.9,0.1125706522
1113,5.3,193,20.3,21,0.1083854167
1114,13,278.2,23.3,21.4,0.1055364583
1115,4.9,205.9,19.3,18.5,0.1319947917
1116,2,344.7,12.6,7.7,0.1324895833
1117,0,341.8,17.9,9.7,0.1272864583
1118,5.5,112.8,13,12.3,0.123
1119,0,351.4,11.9,6.8,0.1209375
1120,0.6,253.3,15.3,9.4,0.1173385417
1121,0.4,322.7,16.2,10.8,0.11375
1122,0,358.4,18.6,10.1,0.1098854167
1123,8.4,81.1,16.9,15.9,0.1060885417
1124,4.1,194.2,18.6,17.5,0.105984375
1125,0,202.1,17.2,11.6,0.104015625
1126,0,303.4,13.5,8.4,0.1008229167
1127,0.4,286.4,11.7,8.4,0.09769791667
1128,19.7,24.3,10.4,11.9,0.1006197917
1129,5.7,244.3,15.3,16.5,0.1107864583
1130,2.8,243.5,16.9,15.1,0.11096875
1131,11.4,178.4,13.7,12.7,0.10915625
1132,1.8,172.3,15.6,12.1,0.111
1133,1.2,239.9,18.7,14.2,0.120515625
1134,0,325.6,23,13.9,0.127984375
1135,2,159.7,19,13.4,0.122203125
1136,0,344,17.1,11.3,0.1176145833
1137,0,338.8,20.3,13.4,0.1127447917
1138,0,341,19.2,14,0.1080364583
1139,0.1,299.7,22.7,15,0.1034166667
1140,0,287.3,23.5,19.4,0.1035056818
1141,9.4,193.6,20.3,20.7,0.1084114583
1142,2.4,259.7,19.5,18.9,0.1179739583
1143,8.1,200.2,20.2,21.2,0.1199583333
1144,11.7,302.5,16,11.5,0.1473206522
1145,0,320.3,19.9,11.9,0.136375
1146,2,239.6,19.7,16.2,0.1334414894
1147,12.4,309.5,15,10.9,0.1577552083
1148,0,249.8,16.8,11.1,0.1451979167
1149,0.2,285.7,16.1,10.6,0.1375416667
1150,0,297.1,17.9,10.9,0.1314583333
1151,10.3,132.1,16,17.8,0.1262708333
1152,1.1,184.5,19.7,18,0.1241145833
1153,28,65.2,19.1,21.8,0.1571822917
1154,1,283,20.2,19.1,0.152828125
1155,2.1,258.1,14.5,11.8,0.1467760417
1156,0.1,288.5,15.6,10.3,0.141703125
1157,0.1,277.6,19.1,14.3,0.1355104167
1158,5.7,156.2,21.1,23,0.1349635417
1159,0.1,212,18.9,13.5,0.1528333333
1160,0,309.5,18.7,13.1,0.1437447917
1161,9.4,170.1,14.9,13.8,0.137328125
1162,0.5,242,14.6,10,0.1329166667
1163,0.7,162.2,19.7,13.5,0.1297760417
1164,13.5,172.5,15.5,16.9,0.1313229167
1165,0.2,271.8,14.3,10,0.1294427083
1166,6.3,89.9,14.1,14.6,0.12728125
1167,1.3,226.7,12.3,10.2,0.1453645833
1168,1.4,199.8,11.3,8.9,0.1402552083
1169,0.4,191.3,12,8.6,0.1357291667
1170,0,297.9,13.1,8.9,0.1318645833
1171,14.7,17.2,14.7,14.4,0.1339895833
1172,7.9,122.6,14.2,15.1,0.163828125
1173,0.8,147.4,14.4,11.4,0.1552916667
1174,0,256.4,17.3,13.1,0.1484010417
1175,0.6,223.5,19.5,15,0.142265625
1176,3.1,199.4,13.4,11.8,0.1377395833
1177,0,238.3,14.6,9.6,0.1337447917
1178,0,269.2,16,11.1,0.1292447917
1179,2.4,182.2,10.7,9.3,0.1263385417
1180,0.9,181.1,9.3,7.3,0.1256041667
1181,0.2,181.7,8.5,7.3,0.1276927083
1182,0.1,223.3,9.7,7.5,0.1261770833
1183,0,266.3,11,8.4,0.1236875
1184,14.5,25.2,12.2,12.4,0.125640625
1185,0.8,157.3,14.3,12.9,0.14321875
1186,2.9,134.6,12,11.9,0.1396458333
1187,0.1,191,9,7.8,0.13665625
1188,0,234.9,11.7,10,0.1333489583
1189,0,248.3,11.8,9.9,0.1300625
1190,0,242.1,13,11.1,0.1268854167
1191,1.2,79.8,12.4,13,0.123640625
1192,0.2,222,14.6,12.4,0.12096875
1193,4.2,191.2,13.8,14.6,0.1226354167
1194,3.7,198.3,7.8,8.1,0.152453125
1195,0,236.8,10.8,7.5,0.145390625
1196,8,27.5,10.7,12.6,0.1425052083
1197,0.5,177.6,7,6.4,0.1441614583
1198,0.3,175.7,5.9,6.7,0.1415729167
1199,0,223.1,6.7,7.2,0.1388697917
1200,0,222.3,7.1,8,0.135921875
1201,0,201.7,9.1,8.9,0.13309375
1202,0,195.5,11.4,10.5,0.1301145833
1203,0,205.2,14.2,12.1,0.127171875
1204,0,187.1,12.5,12.3,0.124546875
1205,17.2,25.4,11.4,13.2,0.127296875
1206,37.1,5.6,11.5,13.5,0.1641979167
1207,12.6,119.5,13.2,14.1,0.1719270833
1208,1.2,92.8,7.1,8.4,0.1610104167
1209,1.6,116.1,5.1,5.6,0.15496875
1210,0,167.6,5.2,6.2,0.1509114583
1211,6,22.9,8.1,10.6,0.14878125
1212,6.3,32.6,4.7,7.4,0.1548229167
1213,0.7,128.3,5.1,6.5,0.1531041667
1214,6.5,64.3,5.9,8.4,0.1637135417
1215,8.4,52.9,8.7,10.6,0.1667135417
1216,23.6,25.5,8.8,11.3,0.1778541667
1217,9.1,25.1,3.4,7.3,0.1724010417
1218,0.2,134.8,4.1,5.5,0.168109375
1219,3.8,63.8,6.5,8.6,0.1623489583
1220,1.5,107.1,8.6,9.8,0.1611614583
1221,0.5,120.8,10.3,10.2,0.158703125
1222,6.2,30.7,4.7,8,0.1573072917
1223,0.8,104.5,2.6,5.7,0.1604791667
1224,0,161.9,2.1,5.2,0.15828125
1225,0.4,131.2,6.4,6.8,0.155359375
1226,1.7,136.7,11.4,8.9,0.1527552083
1227,0,148.4,7.2,5.9,0.1501666667
1228,0,149.1,-0.4,4.4,0.147953125
1229,6.8,25.7,4.5,7.2,0.1464635417
1230,17.7,4.6,6.5,9.4,0.153109375
1231,1.1,128.9,0,4.5,0.1729739583
1232,4.2,37.9,1.7,6.2,0.1660260417
1233,1.4,79.6,0.3,5,0.166078125
1234,0.8,99.4,0.2,5,0.1646145833
1235,0.5,22.6,4,6.6,0.16153125
1236,9.1,8.2,6.1,9.3,0.1656770833
1237,8.5,7,5.8,9.2,0.1782395833
1238,0.7,63.8,1.4,5.6,0.174734375
1239,0,108.4,0.2,3.9,0.1681302083
1240,0,126.4,-1.8,4,0.1645364583
1241,0.7,32.4,0.2,5.9,0.1611666667
1242,2.7,35.9,2.2,6.9,0.1614010417
1243,3.5,35.6,1.9,6.7,0.1630416667
1244,1.6,59.2,0.7,5.6,0.1650572917
1245,0.5,60.1,-1.2,4.6,0.16471875
1246,9.4,13.4,-0.4,5.4,0.1620364583
1247,21.3,6.6,0.3,6.1,0.1657395833
1248,8.6,21.2,-0.6,4.9,0.1713416667
1249,0.8,50.5,0,6,0.1697239583
1250,0.9,83.9,-1.2,4,0.1688
1270,0.5,58.2,-4.2,3.3,0.1725921053
1271,0,68.2,-1.2,5.2,0.17
1272,0,69.8,1.1,4.6,0.1676041667
1273,0,60.6,-5.4,3.4,0.1653958333
1274,0,52.3,-0.2,5,0.1632760417
1275,0,58.7,-3.1,4,0.161328125
1276,0,46.7,-8,2.3,0.1593697917
1277,0,65.4,-7.2,2.2,0.1560729167
1278,9.9,6.1,2.6,7.4,0.1520572917
1279,9,6.2,-0.7,6,0.1535833333
1280,0.4,52.3,-6.8,2.4,0.1558472917
1281,9.9,12.9,-7.7,2.4,0.154296875
1282,0.5,43.5,-10.2,2.2,0.15228125
1283,0.9,39.7,-13.8,1.9,0.1504114583
1284,0.2,50.1,-15.1,1.5,0.148140625
1285,3.1,8.5,-5.9,3.4,0.1453229167
1286,2.2,26,-10.8,2.2,0.143453125
1287,0.3,54.4,-14.7,1.5,0.1410520833
1288,1.7,16.1,-3.3,4.1,0.13840625
1289,1.4,23.3,-1.4,4.6,0.1366197917
1290,0.1,50.9,-10.6,2.4,0.1362377083
1291,0,58.7,-9.8,2.3,0.1335260417
1292,6.2,3.3,2.2,6.4,0.131171875
1293,2,18.6,0.6,5.9,0.13711625
1294,3.8,11.6,1.5,6.7,0.1443889583
1295,0.5,36,-5.7,3.4,0.15486625
1296,6.5,12.9,0,5.4,0.1530172917
1297,0.4,36.5,-8.8,2.7,0.1516285417
1298,0.1,44.4,-14.1,1.6,0.1495
1299,0.1,21.4,-3.1,3.4,0.1452708333
1300,0.6,33.1,-7.4,2.6,0.143046875
1301,0,52.8,-10.7,2.2,0.1402083333
1302,5.5,2.1,-2.4,4.8,0.1388004167
1303,2.2,34.4,-3.3,4.1,0.135359375
1304,0.1,52.4,-6,3.4,0.136091875
1305,2.2,16.7,-10,2.4,0.1384560417
1306,0.3,40.2,-13.3,1.8,0.128984375
1307,0.1,55.1,-18.3,1.2,0.12503125
1308,0,53.9,-16.4,1.2,0.1195677083
1309,0.3,22.3,-8.8,2.4,0.1143522917
1310,0.3,45.7,-9.6,2.5,0.1116091667
1311,11,3,-3.4,4.2,0.1049827083
1312,0.6,50.1,-8.3,2.5,0.1032291667
1313,0.7,19.2,-1.4,4.3,0.09921333333
1314,0.2,36.2,2.1,5.6,0.09604708333
1315,5.5,3.1,2.9,7.1,0.09963395833
1316,7,5.5,0.4,6,0.10636125
1317,1.1,44.7,-6.4,3.3,0.1133920833
1318,8.3,5.6,-3.8,4.2,0.1153870833
1319,2.6,17.7,-6.3,3.4,0.1157566667
1320,1,24.8,-14.4,1.6,0.1138020833
1321,3.3,17.8,-13.7,1.9,0.1130364583
1322,5,8.7,-7,3.5,0.1150291667
1323,1.1,69.9,-21.6,0.9,0.1118854167
1324,0,54.4,-18.8,1,0.1096822917
1325,0.3,35.1,-22.2,0.8,0.1070677083
1326,0.1,70,-26.3,0.6,0.1040208333
1327,0,75.9,-25.4,0.6,0.09954166667
1328,3.8,23.3,-6.7,2.8,0.09462145833
1329,1.4,15.5,-8.7,2.7,0.08123272917
1330,0.4,71.9,-20.2,0.9,0.07271008333
1331,0.1,77.4,-20.9,0.9,0.067546875
1332,0.6,25.9,-13.2,1.9,0.06297222917
1333,1.5,22.5,-6.9,3.1,0.05776560417
1334,2,81.1,-21.1,0.8,0.0526875
1335,0,80.3,-26,0.5,0.04952604167
1336,0.1,68.6,-26.2,0.5,0.045078125
1337,0,72,-23.2,0.6,0.04073958333
1338,0.1,88.4,-22.6,0.7,0.03718229167
1339,0,93.1,-27.5,0.4,0.03471875
1340,0,96,-28.1,0.4,0.03247395833
1341,0.4,63.6,-24.3,0.6,0.03004166667
1342,1.2,31.7,-14.8,1.6,0.02887327083
1343,1.7,43.7,-7.5,2.9,0.02999120833
1344,2.7,86.1,-14.5,1.5,0.02963885417
1345,0,105.3,-25.8,0.5,0.02777604167
1346,0.8,42.7,-25.4,0.5,0.02686979167
1347,0.4,96.1,-20.4,0.7,0.026046875
1348,0.4,91.5,-20.8,0.8,0.02576216667
1349,0.8,63.1,-19.5,0.9,0.02519964583
1350,1.9,40,-15.7,1.2,0.02566839583
1351,0.5,80.2,-19.9,0.9,0.02474827083
1352,0.3,83.7,-19.4,1.1,0.02473266667
1353,0.7,110.4,-22.3,0.7,0.02479866667
1354,0.1,107.8,-24.1,0.6,0.02388541667
1355,0.7,50.2,-20.1,0.9,0.02418058333
1356,6.2,32.4,-19.7,0.9,0.023673625
1357,2.4,43.6,-17.2,1.1,0.0235833125
1358,0.3,91.5,-14.3,1.5,0.02502589583
1359,0.5,116.3,-21.3,0.8,0.02418047917
1360,0,140.5,-26.1,0.4,0.02310416667
1361,1.2,71.1,-18.3,1.1,0.02386979167
1362,0.1,142.1,-19.9,0.9,0.02405729167
1363,0,138.7,-19.4,0.8,0.02353645833
1364,0.8,58.8,-18.2,1,0.02343408333
1365,0.3,105.9,-14.1,1.3,0.02461989583
1366,0,153,-16.8,1.1,0.0242795
1367,0,153,-17.3,1.3,0.02353983333
1368,0,155.2,-16.8,1.3,0.02403110417
1369,0,157.5,-16.8,1.3,0.0235103125
1370,0,162.7,-18.7,1.1,0.023232625
1371,4.5,90.9,-12.1,2,0.02316677083
1372,3.2,85.3,-5.6,3.3,0.0229723125
1373,0.8,84,-8.6,2.7,0.02400002083
1374,1.1,90.6,-19,1.1,0.02547916667
1375,0.3,176.7,-27,0.4,0.02255208333
1376,0.3,143.8,-23.8,0.6,0.02250866667
1377,0,184.5,-27.8,0.4,0.02193229167
1378,1.7,87.9,-18.9,1,0.022684125
1379,5,41.8,-6.4,2.9,0.02350004167
1380,0.7,142.3,-7,2.5,0.0236875
1381,0.3,155.4,-9.8,2.2,0.02410920833
1382,2.3,60.1,-4.5,4.3,0.023988
1383,2.7,123.4,-0.6,5.1,0.024123375
1384,0.2,193.7,-16.5,1.1,0.0253855
1385,0,203.1,-18.3,1.1,0.02403827083
1386,2.3,92.2,-11.5,1.7,0.025495
1387,2,142.9,-11.4,1.6,0.02508525
1388,2.1,115.4,-11.7,2.3,0.02488033333
1389,3.1,200,-15.1,1.2,0.02594989583
1390,0.3,66.7,-9.3,1.3,0.02463902083
1391,7.8,13.2,0.8,5.9,0.0330851875
1392,0.3,192.3,-7.6,2.4,0.05827480851
1393,0.4,160.2,-6.3,3.3,0.05035241667
1394,0.3,180.4,1.5,5.3,0.04568577083
1395,6.5,63.2,2.5,6.7,0.04520314583
1396,0.8,66.8,0.9,5.6,0.0504895625
1397,0.2,235.2,-8.2,1.6,0.05774304167
1398,0,236,-5.2,2.8,0.05680385417
1399,1.8,223.3,-4.2,3.2,0.05705729167
1400,0,233.2,-6.4,2.4,0.05337502083
1401,0,233.2,-0.7,3.7,0.05293577083
1402,7.8,25,1,5.6,0.05308333333
1403,6.1,37.5,1,6.4,0.05327591667
1404,3.5,103.9,0.2,5.3,0.0561285
1405,8.1,72,-1.7,4.8,0.0573265
1406,4,97.5,-0.9,5.2,0.05756425
1407,2.6,120.9,-4.1,4,0.05741320833
1408,2.6,194.3,-1.5,3.9,0.057034875
1409,1.3,197.3,-2.6,3.8,0.05851220833
1410,0.4,250,-5.4,2.9,0.05877454167
1411,0,279.1,-7.3,2.8,0.057055625
1412,0,197.6,-2.5,3.1,0.0562116875
1413,4.2,98.3,0.8,5.4,0.05567010417
1414,0,245.5,0.7,4.6,0.05561095833
1415,0.2,126.3,0.6,5.6,0.0649358125
1416,0.4,169.5,1.8,4.7,0.07812497917
1417,0.3,174.5,2.5,4.3,0.1027779167
1418,0,282.1,2.6,4.5,0.1243004167
1419,0,292.6,4.4,4.5,0.1402083333
1420,0,292.6,5,4.9,0.1506927083
1421,0,269.7,5.4,5.3,0.1550695833
1422,1.2,121,10.3,7.1,0.1598895652
1423,7.5,191.5,7.1,9.2,0.17113875
1424,1.2,285.9,-1.1,3,0.159694375
1425,0,312.7,-0.3,2.7,0.1414602083
1426,0,300.8,2.1,3.7,0.155256875
1427,0,234.8,5.6,5.5,0.165105625
1428,0,309.7,7.6,7.2,0.1688512766
1429,0,242.9,7.4,6.9,0.167335
1430,9.5,21.7,3.3,7.5,0.1707429167
1431,0.4,269.5,1.1,4.7,0.163484375
1432,0,308.9,2.9,4.1,0.1561804167
1433,0,294.2,3,4.1,0.1547897917
1434,0,321,2.5,4.1,0.1534964583
1435,0,331.1,1.4,3.3,0.150189375
1436,0,321.2,5.1,4.1,0.149819375
1437,0,297.6,13.9,4.3,0.1555210417
1438,0.8,201,14.7,9,0.163965625
1439,0,305.7,14.4,8.1,0.1630695833
1440,0,295.2,16.2,10.1,0.1633366667
1441,1.3,304.4,5,4.9,0.1707047917
1442,0,343.3,1,2.7,0.161046875
1443,0,305.6,3.4,3.6,0.1547916667
1444,0,311.9,10.6,5.7,0.1515885417
1445,4.1,241.5,7.7,6.2,0.1626458333
1446,0,344.1,5.1,2.8,0.1633541667
1447,0,346.2,7.7,3.9,0.1592916667
1448,0,345,11.9,5.2,0.1578072917
1449,0.5,185.6,4.3,5.9,0.16021875
1450,4.8,161.8,3.5,4,0.1544114583
1451,0,353.5,5.7,3.7,0.150359375
1452,0,277.6,8.6,4.8,0.1494427083
1453,2.3,290.1,17,9.9,0.1500260417
1454,0,291.8,23.9,12,0.1513333333
1455,0.3,299,22.1,10.2,0.1514427083
1456,0,353,7.9,4.1,0.1459479167
1457,1,277.2,10.9,6.8,0.138328125
1458,5.6,67.3,10.3,11.7,0.146234375
1459,0,312.4,13.8,7.9,0.1466510417
1460,1.3,207.6,13.6,11.1,0.1403958333
1461,0.4,178.5,13.7,12.4,0.1342552083
1462,0.1,351.7,15.4,8.2,0.1284427083
1463,0,345.4,13.5,6.6,0.1221666667
1464,1.9,248.6,14.9,10.9,0.1166197917
1465,15.1,54.8,13.3,14.5,0.1198489583
1466,10.3,34,5.6,9,0.1583177083
1467,13.5,126.9,4.7,6.4,0.1648645833
1468,0.5,357,11.5,8,0.1520416667
1469,3.7,287.5,18.4,17.2,0.1423958333
1470,7.9,347.9,15,11.3,0.1559642857
1471,0,359.8,18.9,13.9,0.1454114583
1472,0,355.2,21.6,13.9,0.1364010417
1473,0,299.1,22.4,13.2,0.1293541667
1474,0,305.9,22.5,15.7,0.1228125
1475,0,281.6,22.6,14.1,0.1164583333
1476,0.8,281.7,24.1,18.6,0.1102135417
1477,2.2,297.2,22,20.4,0.1055104167
1478,2,363.4,14.3,7.3,0.1099739583
1479,0,350.2,18.6,9.5,0.10684375
1480,6.2,202.5,19.4,16.7,0.1032447917
1481,6.2,214.2,14.8,11.8,0.100734375
1482,0,291.7,14.9,8.2,0.09801041667
1483,0.1,225.4,12.6,7.3,0.094875
1484,0,282.3,12.1,6.9,0.091765625
1485,0,364.9,14.9,7.8,0.08858333333
1486,5.2,262.4,17,14.6,0.08711979167
1487,3.7,286.8,17.5,12.6,0.103953125
1488,9.9,105.6,12.7,11.7,0.1204947917
1489,0.9,243.8,10.1,8.1,0.1473385417
1490,2,212.5,11.4,7.7,0.1385677083
1491,0.5,153.9,8.5,8.3,0.1334427083
1492,3.7,209.1,10.5,9.7,0.1299375
1493,2.1,248.8,12.7,9.6,0.1423125
1494,0,291.6,16.4,11.2,0.136703125
1495,1.3,80.4,14.5,13.1,0.14171875
1496,8.4,103.3,14.3,15.6,0.1548333333
1497,0.9,262.3,13.6,10.5,0.1498125
1498,4.5,188.4,11.7,10.4,0.1421927083
1499,0.3,353.8,13.9,11.9,0.1359166667
1500,10.8,76.7,15.1,13.9,0.130390625
1501,0.4,293.5,15.6,11.6,0.1268177083
1502,18.2,119.9,17.4,18.1,0.1231302083
1503,0.8,234.4,15.3,11.1,0.1196197917
1504,2.4,211,14.2,11.2,0.1161354167
1505,2.1,231.2,14.1,11.7,0.1133177083
1506,16.5,113.8,12.4,14.2,0.1175
1507,7.4,218.4,12.7,14,0.1218229167
1508,8.2,201.7,13.7,13.3,0.1257083333
1509,7,264.9,14.5,11.6,0.1269270833
1510,0,325.5,14.9,9.1,0.1238229167
1511,0,259.9,15.7,9.7,0.1196927083
1512,0,321.2,16,10.2,0.1154947917
1513,0,326.6,18.9,11.1,0.1112395833
1514,0,323.6,21.7,12.8,0.106734375
1515,2.2,228,20.7,17.9,0.1022395833
1516,0,316.3,24.1,17.4,0.098828125
1517,0,317.9,24.2,15.2,0.09409375
1518,0.1,267.3,20.5,16.1,0.08905208333
1519,0.1,286.2,17.7,12.2,0.08478645833
1520,0,323,16.8,11.1,0.08080729167
1521,2.7,230.1,17.4,15.2,0.07703645833
1522,0.2,319.9,15.7,11.9,0.07378645833
1523,0.5,187.4,18.4,15.1,0.07047916667
1524,5.2,172.9,21.7,21,0.06867708333
1525,8,242.9,16.8,18.3,0.06665625
1526,1.9,160.1,13.7,12,0.06526041667
1527,0,305.5,15.2,10.1,0.0649375
1528,3.2,168.8,15.6,14,0.06526041667
1529,0.1,281.9,13.9,10.1,0.07159895833
1530,25,79.9,12.2,11.7,0.1060416667
1531,0,300.6,15.3,11.5,0.118734375
1532,0.3,201.1,16.4,15.3,0.113078125
1533,0.5,247.2,16.2,12.9,0.109921875
1534,3.2,126.4,15.5,14.2,0.107234375
1535,3.2,48.3,10.6,11.2,0.107546875
1536,1.9,110.3,11.2,11.2,0.1094635417
1537,8.2,152.8,12.3,12,0.123109375
1538,12.6,69,10.7,9.5,0.132171875
1539,5.5,166.4,10.2,10.2,0.135828125
1540,1,148.4,8.1,7.9,0.1347291667
1541,0.4,182.8,9.3,8,0.1310104167
1542,0,254.4,9.5,8.3,0.127625
1543,0,275.5,11.4,9.6,0.1236302083
1544,0.5,246.6,14.9,10.9,0.1196666667
1545,1.7,103.2,16.5,15.5,0.123203125
1546,13.9,55.6,16.8,19,0.1349010417
1547,1,105.7,15.3,15.9,0.139875
1548,5.7,252.1,13.2,10.9,0.1351145833
1549,0,259,14.3,9.7,0.130703125
1550,0.7,173.1,18,13.7,0.1258333333
1551,5,101.3,15.2,14,0.1226875
1552,0,255.9,11.7,9.4,0.1218697917
1553,5.2,101.4,10.4,10.5,0.119640625
1554,0,232.6,9.3,8.4,0.1187916667
1555,0,205.9,15.9,11.8,0.11659375
1556,1.7,96.4,12.3,10.6,0.1165425532
1557,0,238.8,8.7,7.1,0.11628125
1558,0,231.3,8.7,7.3,0.11495
1559,4.9,84.8,18.3,15.8,0.1592708333
1560,20.4,80.9,18.9,21.2,0.1549635417
1561,5.3,115.5,8.9,8.9,0.1521010638
1562,0,148.7,9,8.5,0.143578125
1563,2.2,128.7,8.3,9.3,0.1386041667
1564,7.7,52.4,7.9,9.5,0.1369322917
1565,8.6,101.5,6.3,8.4,0.1576666667
1566,0.1,195.2,4.9,5.1,0.15209375
1567,7.9,142.2,12.1,12.9,0.1563802083
1568,8.1,121.5,5.6,6.8,0.1631145833
1569,0,197.3,6.9,6.5,0.1510572917
1570,0.2,203,11.7,8.9,0.14521875
1571,0,156.4,13.4,9.9,0.1401875
1572,1.7,150.7,17.8,13.6,0.1357916667
1573,0.7,139.5,11.4,10.6,0.132078125
1574,0.1,156.9,12.7,11.1,0.1290833333
1575,6.6,75,15.4,12.2,0.127640625
1576,0,182.4,9.2,5.5,0.12978125
1577,0.6,149.5,7.6,6.8,0.128203125
1578,9.2,80.8,17,18.4,0.1276822917
1579,11.2,46.6,8.9,10.4,0.1430833333
1580,0.2,106.9,8.7,9.1,0.15025
1581,0.3,134.5,8.8,10,0.1453177083
1582,0.8,161.5,3.8,5.9,0.142015625
1583,0,163.5,8.9,7.7,0.139625
1584,4,76.5,13.7,12.8,0.1366041667
1585,1.5,145.4,14.6,13.3,0.1344583333
1586,3.5,83.3,14.1,14.5,0.132484375
1587,0,163.5,11.3,8,0.1300625
1588,0.1,155.4,11.9,8.1,0.127484375
1589,0.3,55.3,5,5,0.1251302083
1590,0.6,120.1,2.7,5,0.1235260417
1591,9.8,25.4,4.7,8.4,0.1235572917
1592,0.1,108,5,7.5,0.124796875
1593,1.5,30.5,7,9,0.124421875
1594,15.9,5.3,6.2,9.4,0.1281197917
1595,37.4,2.6,5.8,9.2,0.1807083333
1596,14.6,31.9,2.1,6.9,0.176734375
1597,0.6,57.9,2.7,6.7,0.166265625
1598,0.8,53.9,4.1,6.9,0.1595364583
1599,0.2,86.9,1.5,5.6,0.155375
1600,0,134.8,1.1,6.1,0.1521458333
1601,0.1,79.2,4.2,8.2,0.1492395833
1602,23,32.3,12.6,14.6,0.1644270833
1603,10.3,22.6,10,11.8,0.1741354167
1604,1.9,116.5,9.9,10,0.16365625
1605,0.7,98.8,13.4,13.3,0.1582395833
1606,10.6,23,4.8,8.4,0.175421875
1607,2.1,53,1.6,6.7,0.1687135417
1608,0.5,78.1,1.6,5.5,0.1646822917
1609,0,115,4.1,6.9,0.1604166667
1610,8.1,10.5,5.4,8.9,0.157515625
1611,4,49.8,-1.6,4.5,0.1650364583
1612,3.6,37.3,-1.4,4.8,0.1627916667
1613,0.8,91.3,-1.4,4.6,0.1591354167
1614,0.2,60,5.9,7.6,0.1607135417
1615,5.4,57.4,0.3,5.4,0.17553125
1616,0.1,101.8,-1.4,3.5,0.1667447917
1617,0,84.8,0.7,4.7,0.1617447917
1618,0.2,83.8,-0.8,5,0.1587291667
1619,1.1,60.3,-1.3,4.5,0.156046875
1620,8.4,7.3,0.1,5.7,0.1536927083
1621,2.2,16.3,-1.3,5.3,0.1527135417
1622,1,70.3,-4.3,3.2,0.1526927083
1623,0,63.6,-4.7,2.8,0.1511822917
1624,0.1,65.2,-4.2,3,0.1494895833
1625,0.1,60.3,-4.2,3.2,0.1478802083
1626,3.9,44.6,-1.4,4.9,0.1460326087
1627,4.1,33.6,0.9,5.9,0.1447708333
1628,2.8,30,4.5,6,0.14403125
1629,0.7,31,-0.3,5.8,0.159203125
1630,1.6,36.9,-3.3,4.1,0.158890625
1631,4.6,17.6,-3.9,3.6,0.1566197917
1632,0.3,69.9,-6.5,2.6,0.1541979167
1633,0,75.3,-4.4,2.7,0.1518958333
1634,9.7,8.6,-0.9,5.3,0.1500677083
1635,2.2,13.3,-6.1,3.5,0.1485208333
1636,0.4,32.2,-10.6,2.2,0.1469095745
1637,0.1,68.2,-13.6,1.8,0.145890625
1638,0.4,56.3,-12.7,2.1,0.14421875
1639,4.8,30.2,-3.2,4.1,0.142359375
1640,5.7,24.1,-3.9,4.3,0.1410260417
1641,3,23.9,-11.3,2.2,0.13971875
1642,0.1,54.7,-14.6,1.7,0.13871875
1643,5.9,13.6,-6.7,3.1,0.1371510417
1644,0.6,52.2,-13.7,1.7,0.135890625
1645,0.2,54.5,-18.5,1.1,0.1342395833
1646,0,30.7,-17.9,1.2,0.1324375
1647,8.9,9.1,-9.1,2.5,0.1310729167
1648,3.4,13.3,-5.6,3.6,0.130234375
1649,1.2,41.9,-13.5,1.8,0.1293333333
1650,0.4,41.6,-16,1.4,0.1279739583
1651,1.5,9.7,-8.7,2.6,0.1252604167
1652,2.7,48.4,-14.3,1.7,0.1231458333
1653,0.1,47.5,-19.4,1.1,0.1208229167
1654,0.1,39.7,-13.1,1.9,0.1167552083
1655,2.1,18.3,-9.5,2.7,0.1147447917
1656,2.1,36.4,-14.1,1.6,0.114046875
1657,0.6,41.1,-19.4,1,0.1128645833
1658,3.1,10.3,-17.3,1.2,0.1111510417
1659,0.1,56.8,-21.7,0.9,0.1100625
1660,1.8,16.6,-18.9,1,0.108875
1661,2.1,46.9,-16.8,1.2,0.1080520833
1662,0.1,52.7,-20.9,0.9,0.107078125
1663,0,47.8,-21.8,0.8,0.1057135417
1664,0,57.6,-19.6,1,0.104515625
1665,0,50,-12.5,2.2,0.10340625
1666,0.4,26.2,-4,4,0.10253125
1667,14.1,10.5,1.5,6.4,0.102953125
1668,12.1,8.8,-4.4,3.8,0.1330260417
1669,0.5,49.2,-9.6,1.8,0.1365625
1670,1,40,-8.6,2.8,0.1351910417
1671,1.9,13.9,-8.8,2.6,0.1311927083
1672,1.7,43.2,-10,2.5,0.1283333333
1673,7.9,6.3,-6.9,3.1,0.1267135417
1674,0.5,51.8,-16.6,1.3,0.1254583333
1675,0.5,26.2,-13.8,1.8,0.12365625
1676,0.2,56.2,-19.1,1.1,0.1225572917
1677,0.1,50.2,-23.5,0.7,0.1212916667
1678,0.1,61.6,-22.6,0.6,0.119703125
1679,2.8,33.9,-5.7,3.1,0.1185572917
1680,0.8,22.2,-5,3.6,0.117640625
1681,0.8,25.8,0.6,5.7,0.1168177083
1682,1.2,12.3,2.5,7,0.1234427083
1683,2.1,10.1,1,6.4,0.134203125
1684,18.4,1.9,2.9,7.4,0.1437083333
1685,6.6,37.1,-8.5,2.6,0.1583385417
1686,5.3,9.2,-7.9,2.9,0.1559010417
1687,4.2,25.1,-7.2,3.3,0.153421875
1688,0.1,62.1,-16.8,1.3,0.1483802083
1689,0,31.2,-14.9,1.4,0.14203125
1690,0,61.8,-17,1.4,0.1394583333
1691,0,70.6,-19,1.1,0.137703125
1692,0.9,17.9,-7.5,2.6,0.1359322917
1693,6,13.7,-8.3,2.6,0.1347135417
1694,0.2,67.5,-22.3,0.8,0.1330364583
1695,0,77.2,-30.6,0.4,0.130390625
1696,0,80.3,-26.2,0.5,0.128015625
1697,0.5,49,-18.8,1.1,0.1261458333
1698,1,45.9,-20.3,1.1,0.1245677083
1699,0.1,79.1,-24.9,0.6,0.1228333333
1700,0.7,45,-18.9,1,0.1210885417
1701,0.3,74.3,-17.1,1.2,0.1195625
1702,0,62.8,-13.9,1.7,0.1178489583
1703,0.1,74.4,-8.2,2.8,0.116125
1704,3.2,9,-4.1,3.5,0.114390625
1705,10.5,5.3,-3.6,3.8,0.1127604167
1706,0.6,90.4,-18.3,0.9,0.1108802083
1707,1,49.1,-16.4,1.4,0.1086666667
1708,6.5,62.2,-12.8,1.9,0.10690625
1709,0.6,42,-13.3,1.9,0.1053645833
1710,0.1,77,-11.8,2.2,0.103453125
1711,2.3,19.6,-9.4,2.6,0.1018697917
1712,0.3,101.3,-17.1,1.3,0.09999479167
1713,0,109.9,-21.9,0.9,0.097734375
1714,0,102.3,-14.6,1.6,0.09565104167
1715,0,81.8,-12.3,2.1,0.093875
1716,2.5,19.7,-6.8,3.2,0.09172395833
1717,2.1,50.7,-12.3,1.8,0.08934895833
1718,0.1,117.4,-20.8,0.9,0.08663541667
1719,2.9,40.8,-14.3,1.6,0.08383333333
1720,0.1,84.9,-17.4,1.2,0.081328125
1721,0.7,122.2,-21.5,0.8,0.07833333333
1722,0,128.6,-22.4,0.8,0.075015625
1723,4.6,32.3,-8.7,2.6,0.0711875
1724,13.6,15.5,0.6,5.8,0.06880208333
1725,0.5,95.6,-16.1,1.3,0.07668452381
1726,0.4,116.2,-20.4,0.9,0.07918229167
1727,0,140.7,-20.8,0.8,0.08067708333
1728,0,130.6,-15,1.6,0.08118229167
1729,0,123,-11.2,2,0.080359375
1730,0.2,105.4,-7.4,2.9,0.07757291667
1731,0.5,108.4,-10.1,2.3,0.07338541667
1732,0,152.4,-20.9,0.9,0.06850520833
1733,0,159.2,-23.9,0.6,0.06377083333
1734,0,162.5,-25.7,0.6,0.05952604167
1735,0,159.2,-22.3,0.8,0.05552604167
1736,1.1,61.8,-14.9,1.5,0.05158333333
1737,0,167,-14.3,1.5,0.047859375
1738,10,11,-3.3,4.2,0.04452083333
1739,0.6,171.8,-16.8,1.2,0.04234375
1740,6.2,44.6,-18.3,1,0.04086458333
1741,0.4,94.8,-11.4,2,0.04011458333
1742,1.7,123,-9,2.5,0.03969791667
1743,0.1,185.3,-17,0.9,0.03918229167
1744,3.1,160.7,-16.1,1.1,0.039
1745,0,191,-16.7,1.1,0.03880729167
1746,1.3,119.1,-6.1,3.1,0.03853645833
1747,2,191.8,-14.9,1.4,0.03841145833
1748,0,196.5,-19.1,1,0.03825
1749,0.2,110.4,-10.8,1.8,0.038046875
1750,4,64.4,-5.4,3.7,0.03822916667
1751,0.5,148.3,-9.4,2.2,0.03850520833
1752,0,206.8,-13.3,1.8,0.03881770833
1753,0,157.4,-5.9,2.3,0.03877083333
1754,5.5,33.4,-2.6,4.4,0.03921875
1755,2.2,88.8,-5.2,3.7,0.03977604167
1756,3.1,115.9,-15.2,1.3,0.0400625
1757,3.5,102.5,-15.3,1.2,0.04024479167
1758,0.3,226.5,-20.1,0.8,0.040625
1759,0,229.8,-19.9,0.9,0.04080729167
1760,0.2,185.1,-6.9,2.3,0.04091145833
1761,3,180.8,-6.6,2.9,0.04093229167
1762,0.1,215.9,-12.1,1.9,0.04069270833
1763,0.3,206.3,-14,1.5,0.0405
1764,0,241.8,-12.5,1.7,0.04053645833
1765,0,239.5,-8.8,2.1,0.04053125
1766,2,94,-1.6,4.5,0.0405
1767,19.5,11.5,-0.9,5.3,0.040734375
1768,2.5,241.1,-9.6,1.8,0.04101041667
1769,1.5,203.2,-3.5,3.6,0.04134375
1770,0.3,218.8,0.5,4.6,0.04197916667
1771,0,240.2,-0.6,3.6,0.04327604167
1772,0,253.2,4.2,4.8,0.04552604167
1773,0,246.2,3.7,5.3,0.04934375
1774,5.2,83.3,2.9,5.7,0.05577604167
1775,1.9,191.8,3.7,7.2,0.06611458333
1776,3.5,76.1,-0.1,5.3,0.09147395833
1777,0.2,223.8,-1.4,3.8,0.09844270833
1778,0.3,170,-2.1,3.5,0.1009114583
1779,1.6,125.6,-1.1,4.2,0.1032447917
1780,0.1,258.7,-2.1,3.4,0.1055677083
1781,0,253.8,1.9,2.8,0.10909375
1782,0,271.3,7.4,4.6,0.1244734043
1783,0,214.5,9,6.7,0.1483385417
1784,2.5,63.1,0.9,5.4,0.1568802083
1785,2.7,53,1.8,6.3,0.155640625
1786,0.4,162.5,3.7,7.1,0.165515625
1787,0.4,261.3,6.2,7.2,0.1745052083
1788,8.4,205.5,8.5,10.5,0.184734375
1789,5.5,143.7,7.3,9.8,0.1868541667
1790,0.1,300.6,5.2,5.1,0.182484375
1791,0,265.3,4.8,5.2,0.182078125
1792,0.8,138,8.7,6.4,0.1876979167
1793,2.6,282.8,9.8,7.4,0.19478125
1794,10.8,124.4,3.9,6.6,0.1828802083
1795,7.2,48,-2.2,4.5,0.186
1796,5.6,192.3,-4.5,2.8,0.1696927083
1797,0.1,288.7,-0.7,3.4,0.1638697917
1798,0,327.7,3.4,3.5,0.170890625
1799,0.5,171.3,6.3,6.4,0.1820729167
1800,14.4,30.3,4.9,8.6,0.19034375
1801,1.5,272,5,6.9,0.185640625
1802,4.3,208,5.5,6.2,0.1849270833
1803,0.4,272.4,6.3,5.2,0.1814583333
1804,12.4,127,5.1,7.2,0.1925
1805,0,327.2,4,4.1,0.1848385417
1806,0,275.2,7.2,5.3,0.181671875
1807,0.2,227.4,9.4,6.9,0.1835208333
1808,0,300.2,10.4,6.2,0.184890625
1809,0.1,233.3,11.4,8.4,0.1849427083
1810,0,269.4,15.9,8.2,0.182421875
1811,7,198.7,6.4,6.5,0.1870416667
1812,0,288.2,9,5.6,0.181578125
1813,0.5,257.7,11.3,6.8,0.1752291667
1814,4.9,200,8.8,8.4,0.170796875
1815,0.2,171.9,5.3,6.9,0.1672083333
1816,0.3,225.4,4.4,5.6,0.16396875
1817,1,232.2,7.2,6.7,0.1612447917
1818,1.7,247.9,9.2,7.8,0.1586927083
1819,1,223.5,10.6,6.9,0.15575
1820,0,347.5,11,5.9,0.1523541667
1821,0.1,266.3,13.8,7,0.1482239583
1822,4.3,72.8,4.9,8.1,0.147515625
1823,4.1,268.8,2.7,5.5,0.1743489583
1824,2.8,193.1,4.8,7.2,0.1687083333
1825,3.5,236.5,3.6,5.6,0.1802708333
1826,0,354,7.8,6.5,0.1708802083
1827,0.9,200.2,11.9,9.3,0.1648125
1828,2.1,201.1,12,9.7,0.167234375
1829,6.1,228.7,11.3,11.4,0.1667708333
1830,0.2,304.3,8.3,5.9,0.176421875
1831,0,364.1,10.7,6.1,0.1650520833
1832,0,320.3,14.7,8.4,0.1574010417
1833,1.6,170.1,17.1,15.9,0.1624583333
1834,11.1,242.9,20.3,15.8,0.1751170213
1835,1,332.6,19.2,13.9,0.1667916667
1836,2,250.8,12.5,11.6,0.1543815789
1837,15.4,166.3,16.1,17.4,0.1507340426
1838,6.3,198.9,11.1,8.7,0.173046875
1839,0,369.9,10.8,7.2,0.1625520833
1840,0.6,237.8,15.8,8.9,0.1547916667
1841,10,68.7,16,17,0.14896875
1842,10.5,254.4,17.3,17.7,0.1475833333
1845,10.5,131.3,12.5,14.3,0.1601315789
1846,3.1,229.2,13.9,13.1,0.1606510417
1847,4.8,210.1,13.9,13.5,0.1667447917
1848,4.9,237.2,15.3,14.7,0.159640625
1849,9.4,215.4,15.7,16.5,0.1536195652
1850,9,158.4,14.3,15.9,0.159609375
1851,1.4,297.5,14,10.9,0.1549114583
1852,5.6,103.3,15.4,14.4,0.15196875
1853,5.3,220.2,15.9,15.1,0.1607135417
1854,4.7,279.2,16,15.1,0.155765625
1855,1.3,226.3,17.3,15.5,0.1485260417
1856,19,103.4,15.6,17.3,0.1665104167
1857,24.8,151.1,13.8,15,0.1845052083
1858,0.2,335.7,17.2,10.2,0.1720729167
1859,4.3,229.8,19.3,14,0.1647916667
1860,8,244.7,12.4,9.2,0.185703125
1861,7.3,222.7,14.2,9.7,0.176578125
1862,0.7,200.7,17.8,12.9,0.1736145833
1863,0.7,338.1,21.6,13.7,0.1639635417
1864,0,165.2,19.7,13.2,0.1547447917
1865,32.8,12,14.4,15.8,0.1641927083
1866,4.6,262.9,16.3,16.4,0.1842864583
1867,4.5,158.9,13.2,12.2,0.1819739583
1868,0,313.6,14.6,9.4,0.173421875
1869,0,288.5,18.5,11.6,0.1644947917
1870,14.4,181.3,19.2,16.8,0.1731145833
1871,3.6,210.3,15.2,14.5,0.1710989583
1872,1.9,160,15.6,13.5,0.168796875
1873,14.4,234.4,16.2,15.2,0.1662291667
1874,0.5,282.2,16.3,12.4,0.1664270833
1875,0,305.1,17.9,12.7,0.1603229167
1876,2.4,264,17.6,14.9,0.1539479167
1877,0.4,300,17.7,12.6,0.14821875
1878,0,297.8,17.9,10.9,0.1422916667
1879,3.7,245.1,17.1,14.3,0.1365729167
1880,14.5,64.7,15.8,17.6,0.1372447917
1881,11.2,21.3,15.6,17.6,0.1484270833
1882,12.7,105.9,16,17.7,0.1704635417
1883,12.7,121,16.4,18.2,0.1788802083
1884,8.4,118.2,15.6,17.4,0.177203125
1885,10.2,108.9,14.9,16.4,0.1765572917
1886,1.2,150.6,15,13.5,0.1754947917
1887,0.4,235,17.3,15,0.168703125
1888,4.4,130.5,16.6,16.4,0.1637864583
1889,9.2,112.4,16,17.7,0.1670572917
1890,12.5,126,16.2,18.2,0.1793125
1891,2.4,168.6,16.6,16.1,0.17684375
1892,0.3,174.4,16.6,15.2,0.169203125
1893,1.1,208.8,17.3,16,0.1629427083
1894,1,158.7,16.6,13.5,0.1566822917
1895,0,246.9,16.3,13,0.15178125
1896,2.6,206.5,14.6,13.6,0.1463489583
1897,8.7,129.9,13.9,15.6,0.178390625
1898,1.2,188.6,15.4,15.2,0.1793333333
1899,2.1,193.8,15.2,13.3,0.1699479167
1900,2.3,203.9,14.1,13.6,0.16334375
1901,4.9,206.7,13.4,13.9,0.156875
1902,7.7,156.4,12.9,14.6,0.151640625
1903,1.1,212.4,16.2,15.3,0.14803125
1904,1.6,201,15.3,14.9,0.1436510417
1905,1.9,228.1,11.7,9.3,0.1456510417
1906,23.5,25.5,13.4,15.1,0.1625052083
1907,0.5,157.4,11,8.1,0.1645260417
1908,0,178,12.9,10.7,0.15903125
1909,0,270.4,17.6,14.8,0.154390625
1910,0,226.9,19.7,14.6,0.1491614583
1911,0.1,239.7,22.8,17.3,0.14390625
1912,4.7,163.1,17.6,15.9,0.13896875
1913,0.5,80.7,9.9,8.9,0.1348177083
1914,0,248.2,11.4,9.3,0.1324270833
1915,0,257.3,15.1,11.7,0.12875
1916,0,226.4,17.7,13.3,0.1245833333
1917,1.9,81.3,16.6,16.4,0.12065625
1918,6.9,158.3,14.7,14.9,0.1183333333
1919,0.3,216.2,13.9,12.3,0.1159583333
1920,0,235.9,16.9,14.6,0.1129114583
1921,0,242.5,19,15.2,0.1094479167
1922,0,238.7,18.9,15.1,0.1056822917
1923,3.3,172.6,10,8.7,0.1041666667
1924,21.8,10.8,11.6,12.7,0.1090326087
1925,1.6,108.5,10.6,10.4,0.1470364583
1926,0.1,131.2,11.6,9.4,0.1456354167
1927,6.2,161.1,11.1,11.3,0.1431875
1928,2.8,75.5,8,9,0.1518020833
1929,0,212.7,7.3,6.8,0.1484427083
1930,0,173.1,12,8.1,0.1444270833
1931,5.8,37.8,10.4,12.2,0.1490052083
1932,0.1,120.8,13.5,12.1,0.1528385417
1933,14.7,13.6,11.7,13.1,0.15890625
1934,9.1,169.4,6.9,7,0.1666875
1935,0,190.3,7.3,6.6,0.1608072917
1936,7,94.9,7.3,8.1,0.1566458333
1937,0.1,185.1,1.9,4.1,0.1549270833
1938,0.3,169.7,8.6,6.7,0.1520208333
1939,5.3,55,8,8.6,0.1487604167
1940,0,187.8,2.1,4.9,0.147125
1941,0,197.9,2,5.6,0.1451354167
1942,0,186.9,6.2,8.4,0.142921875
1943,1.4,172.5,13.6,12.3,0.140328125
1944,0,181.5,13.6,10.7,0.1375989583
1945,0,177.6,13.8,12.6,0.1348645833
1946,0,161,12.6,12.3,0.1323229167
1947,0.2,71.7,8.7,9.4,0.13015625
1948,0,138.1,6.4,7.8,0.1287239583
1949,0.7,70.9,9.8,10,0.1270425532
1950,12.7,37.1,9.5,11.8,0.1273031915
1951,5,30.2,2.5,7.2,0.16015625
1952,13.8,11.9,2.4,6.9,0.1784739583
1953,3.1,26.8,2.9,7.2,0.1841875
1954,0.8,94.7,3.3,6,0.17353125
1955,0,160.5,1.6,4.8,0.1685572917
1956,0,158.7,1.2,5.4,0.164640625
1957,0,135.9,1.5,6,0.1611927083
1958,10.7,32.9,7.9,10.5,0.1624166667
1959,5.3,58.3,6.8,9.6,0.1678489583
1960,0.4,101.4,5.7,7.6,0.1683125
1961,0.8,104.5,6.3,9.1,0.1646666667
1962,9,28.8,10.5,12.6,0.1642604167
1963,11.6,14.7,9.8,11.8,0.1767708333
1964,1,40.6,5.6,7.8,0.1803125
1965,5.2,45.8,4.7,8.2,0.180625
1966,1.3,95,1.2,5.4,0.178359375
1967,0.6,82.3,-0.6,5.3,0.1741302083
1968,0,125.3,2.6,5.5,0.170390625
1969,9.3,5,3.8,7.9,0.1703229167
1970,1,99.3,-1.9,3.6,0.1791927083
1971,0,128.8,-4.2,2.2,0.1753489583
1972,0,84.6,-1.3,3.5,0.1714947917
1973,0,119,1.5,5.4,0.1686614583
1974,4.4,57.5,5.6,8.5,0.167109375
1975,6,28.9,5.3,8.5,0.181609375
1976,7,37.7,3.3,7.5,0.1831354167
1977,6.4,23.3,-0.3,5.7,0.18396875
1978,23.9,14.2,-1.2,5.2,0.17809375
1979,1.1,80.1,-2.6,3.9,0.1753645833
1980,0,64.6,1.7,5.1,0.17359375
1981,0.5,82.9,-5.1,3.1,0.1762916667
1982,0.1,96.1,-5,3.3,0.1733645833
1983,0.4,31.3,0.4,4.8,0.1704635417
1984,0.6,27,5.7,9.1,0.1689583333
1985,0.7,34.5,9.5,11.3,0.1889947917
1986,0.4,32.7,5.6,8.3,0.1880052083
1987,0.2,36.8,5.6,9.1,0.1812864583
1988,8.3,6.2,6.9,9.8,0.1773854167
1989,1.3,37.3,2.5,6.8,0.184359375
1990,0.5,65,-2.2,4.2,0.1799739583
1991,1.6,24.6,-2.4,4.4,0.1760677083
1992,0.2,60.3,-3.9,3.6,0.173
1993,1.4,56.3,-2,4.7,0.170265625
1994,5.9,8.9,5.6,8.7,0.1695520833
1995,11.3,23.5,1.8,6.9,0.186953125
1996,21.4,6.6,-1.7,5.1,0.1821222222
1997,2.8,32.5,-5.7,3,0.1784427083
1998,0.5,58.7,-8,2.2,0.1753229167
1999,0.2,65.1,-13,1.9,0.17246875
2000,0,56.5,-11.4,2,0.1698958333
2001,0.8,46.6,-9.5,2.5,0.1675208333
2002,0.7,58.2,-9.5,2.4,0.1652239583
2003,0.6,55,-11.4,2,0.1628020833
2004,0.2,28.3,-11.2,2.4,0.1606458333
2005,1.8,14.1,-5.4,3.3,0.1587291667
2006,6,9.1,-0.3,5.3,0.1572395833
2007,3.3,18.5,-2.1,4.7,0.1558020833
2008,2.2,7.8,-4.5,4.1,0.1546458333
2009,0.6,42.1,-6,3.4,0.153265625
2010,0.4,44.8,-6.2,3.5,0.15190625
2011,9.1,5,-3.3,4.3,0.1508229167
2012,1.8,35.9,-6.1,3.3,0.1499895833
2013,1.5,20,-3.2,4,0.1488802083
2014,5.9,18.9,-6.9,3.5,0.1480625
2015,0.6,33.1,-13.5,1.8,0.1471770833
2016,1,16.3,-9.4,2.4,0.14615625
2017,2.7,16.1,-14.6,1.9,0.1451666667
2018,0.1,60,-21.5,0.9,0.14340625
2019,1.2,17.1,-13.2,1.8,0.1421510417
2020,2.2,51.6,-19.9,1,0.1409479167
2021,0.4,40.8,-18.7,1,0.1384375
2022,0.8,20.6,-14.9,1.6,0.1353645833
2023,0.1,59.5,-21.2,0.8,0.1323697917
2024,5.1,3.5,-6.1,3.5,0.1293645833
2025,12,2.5,-0.8,4.8,0.1312083333
2026,0.3,52.2,-18.4,1.1,0.139609375
2027,1.6,12.7,-14,1.7,0.137890625
2028,0.8,39.1,-16.7,1.3,0.135875
2029,0,59.2,-29.3,0.4,0.1337135417
2030,0,59.1,-31.3,0.3,0.1306979167
2031,0.4,48.9,-24.7,0.6,0.1285833333
2032,1.2,38.9,-21.6,0.9,0.1270572917
2033,0.3,52.1,-17.2,1.3,0.125609375
2034,2.9,19,-7,3.1,0.1241354167
2035,7.7,53.7,-17.7,1.3,0.1226770833
2036,0.1,37.2,-18.7,1.2,0.1205572917
2037,3.8,4.1,-5.1,3.8,0.1188125
2038,19.4,3.9,4,7.7,0.1398020833
2039,0.8,48.7,-11,2.2,0.1509635417
2040,4.2,12.1,-14.7,1.8,0.1478645833
2041,0.1,57.9,-25.4,0.6,0.1448333333
2042,0.1,61.3,-24,0.6,0.1422291667
2043,0.1,33.8,-22.5,0.8,0.140328125
2044,0.7,30.7,-18.9,0.9,0.1386875
2045,0.3,38.2,-14.7,1.4,0.1371770833
2046,3.4,31,-11.9,1.9,0.13559375
2047,0.4,58.3,-18.2,1.1,0.1338802083
2048,0.6,33.8,-21.5,0.8,0.131734375
2049,4.7,13.3,-15.3,1.4,0.1301302083
2050,0.6,34.5,-18.4,1.1,0.1285364583
2051,0.1,53.3,-19.9,1,0.1265885417
2052,0.2,38.2,-19.8,1.1,0.1247291667
2053,0.4,31.8,-16.5,1.4,0.1228854167
2054,4,10.5,-20,1,0.1210520833
2055,1.4,73,-29.9,0.4,0.11890625
2056,0,75.3,-34,0.3,0.1164479167
2057,0.1,64.7,-34.1,0.2,0.11378125
2058,0.1,77.8,-31,0.4,0.1111302083
2059,0.1,51.2,-23.8,0.7,0.1082239583
2060,0.3,50.7,-19.4,1,0.10490625
2061,0.1,60.7,-21.4,0.9,0.10096875
2062,1.1,24,-15,1.5,0.09609375
2063,2,68.1,-15.9,1.5,0.09031770833
2064,2.7,32.4,-23.2,0.7,0.0828125
2065,1.1,80.1,-26.6,0.5,0.07551041667
2066,0.1,86.7,-29,0.4,0.068625
2067,0.2,64,-26,0.6,0.06183333333
2068,0,90.3,-22.8,0.7,0.05569270833
2069,0.1,84,-16.6,1.3,0.05003125
2070,0.7,73.6,-15.4,1.6,0.04595833333
2071,1.2,27.1,-13.2,1.9,0.04298958333
2072,0.9,67.9,-20.9,0.9,0.04158333333
2073,3.1,29.3,-18,1.3,0.040484375
2074,1.1,57.9,-16,1.3,0.03942708333
2075,0,95.7,-23.7,0.7,0.03872395833
2076,0.2,81,-22.4,0.8,0.03785416667
2077,0.1,99.4,-21.6,0.8,0.03666666667
2078,0.3,76.3,-14.5,1.5,0.0358125
2079,5.6,48.2,-5.8,3.5,0.03497916667
2080,1.6,95.1,-16.8,1.3,0.034875
2081,0,115.5,-21.4,0.8,0.034828125
2082,3,24.4,-13.1,1.8,0.03472395833
2083,1.8,25.6,0.1,5.9,0.03471875
2084,0.4,76.2,-9.4,2.7,0.03516145833
2085,0.4,76.1,-17,1.2,0.03556770833
2086,0.2,97.8,-14.6,1.5,0.03620833333
2087,0.4,56,-12.1,1.9,0.03644791667
2088,0.2,119.1,-13.6,1.7,0.03623958333
2089,0,104.1,-12.7,1.7,0.03603645833
2090,1,64,-7.6,2.7,0.03596875
2091,5,24,-5.2,3.5,0.03561702128
2092,4.3,42.7,-6.5,3.1,0.03588020833
2093,1.1,80.3,-13.1,1.8,0.03642708333
2094,0.8,85,-14.3,1.7,0.036671875
2095,1.8,62.3,-11.5,2,0.037
2096,0.2,137.1,-16.5,1.3,0.03710416667
2097,0,131,-12.3,1.8,0.03699456522
2098,2.3,72.4,-6.6,3.2,0.03695833333
2099,13.9,19.5,-14.1,1.8,0.03676666667
2100,0,162,-25.4,0.6,0.03666145833
2101,0,163.6,-23.6,0.7,0.03655729167
2102,0,169.3,-21.8,0.7,0.03642708333
2103,0,171.5,-21,0.9,0.03622395833
2104,0,173.5,-20.6,0.9,0.035859375
2105,0,153.3,-16.7,1.2,0.03536458333
2106,12,19.8,-4.3,4.3,0.03484375
2107,1.1,101.5,-1.3,4.4,0.03484375
2108,2.2,166.7,-12.5,1.9,0.03480729167
2109,0,141.4,-14.3,1.5,0.035
2110,0,129.1,-10.7,2.2,0.03497916667
2111,8.4,43.5,-7.2,3.1,0.03547916667
2112,0.3,187.3,-20.7,0.8,0.03881111111
2113,0,180.1,-15.8,1.2,0.039453125
2114,1.1,109.4,-8.5,2.3,0.0395
2115,0.5,197.8,-13.3,1.7,0.0395
2116,0,201.2,-14.5,1.6,0.03930729167
2117,0,179.9,-0.9,3.8,0.0388125
2118,4.3,166.8,1.9,5.5,0.040984375
2119,0.2,203.7,-12.7,1.5,0.05235416667
2120,0,215.6,-14,1.6,0.05475520833
2121,1.7,147.3,-6.4,3.1,0.055078125
2122,0.6,211.2,-14.8,1.4,0.05569791667
2123,0.1,224.5,-15.2,1.4,0.05592708333
2124,0,226.8,-10.6,2.1,0.05582291667
2125,0,202.6,-1.6,3.1,0.05560416667
2126,1.3,49.8,1.3,5.5,0.05515625
2127,4.6,53.9,-0.5,5.5,0.055234375
2128,0.2,203.6,-5.5,3.4,0.05891666667
2129,0.8,221.4,-1.8,4.1,0.06027083333
2130,12.5,22.4,0.1,5.8,0.06821354167
2131,0.8,233.1,-5.1,3.4,0.07809375
2132,4.3,122,-0.4,5.1,0.077078125
2133,2.5,165.1,1.7,5.4,0.077640625
2134,0,163,2,4.5,0.08505208333
2135,20.4,12.3,3.2,7,0.11940625
2136,2.4,30.9,0.1,5.9,0.1514114583
2137,1.5,78.6,-1.8,5,0.1559166667
2138,14,42.5,0,5.9,0.1502395833
2139,1.6,121.4,-3.3,3.8,0.1575364583
2140,1,157,-3,3.2,0.1530885417
2141,0.1,204.2,-4.7,2.6,0.1488229167
2142,0.1,235,-7.5,2.1,0.1456927083
2143,0.3,234.2,-5.1,2.5,0.143125
2144,0,282.6,-3.2,2.8,0.1395
2145,0,282.5,-2.6,3,0.1364739583
2146,0,282.1,-0.9,3.4,0.1402083333
2147,0,266.5,0.9,4.2,0.1422395833
2148,1.4,60.7,3.3,5.8,0.1535208333
2149,0.1,295.9,-2.4,2.8,0.1610364583
2150,0,303.9,-3.9,2.7,0.1583802083
2151,0,300.1,1.8,3.2,0.1593333333
2152,7,42.5,1.7,5.6,0.164890625
2153,3.9,69.1,2.6,6.9,0.169734375
2154,0.8,154,2.2,5.4,0.17984375
2155,0,264.6,6.6,5,0.1852708333
2156,12.9,152,6.4,8.5,0.1956145833
2157,0.4,295.3,-0.6,3.2,0.187484375
2158,5,131.4,9.2,8.3,0.1849583333
2159,3.5,211.7,2.3,5.3,0.2014427083
2160,0.6,263.8,0.1,3.2,0.1837135417
2161,0,197.9,6.5,4.3,0.1841145833
2162,9.9,38.4,4.1,8.1,0.2027291667
2163,1.3,269.1,-0.3,4.1,0.187984375
2164,3.4,238.9,2.6,5.2,0.1893697917
2165,0.1,321.1,1.6,3.7,0.1924322917
2166,0,328.2,4.7,4.6,0.194375
2167,0,270.1,9.2,7.2,0.1960833333
2168,0,235,10.9,8.3,0.194875
2169,5.3,111.8,8.8,10.5,0.1913541667
2170,0.1,232.3,2.9,6,0.190953125
2171,0.1,310.9,3.9,4.2,0.1887760417
2172,0,319.9,3.6,3.9,0.1862447917
2173,0,336.7,8.1,4.7,0.1851979167
2174,0,333.6,12.3,5.3,0.1877395833
2175,14,107.8,12.1,10,0.1933958333
2176,1.2,340,4,3.9,0.2015729167
2177,7.9,167.9,8.3,8.3,0.191234375
2178,2.6,230.5,0.1,4,0.1952708333
2179,0,351.6,4.5,3,0.190703125
2180,6.1,177.4,4.1,5.3,0.19634375
2181,3,171.9,1.8,4.8,0.1954427083
2182,4.4,206.3,14.1,12.4,0.1939375
2183,1.5,256.2,4.1,5.2,0.20109375
2184,3.9,172,5.3,7,0.190171875
2185,2.6,284,4.8,7,0.184671875
2186,0.1,306.8,1.7,3.3,0.1804010417
2187,0,282.7,5.8,4.7,0.1762395833
2188,0.1,117.2,8.7,6.5,0.173
2189,0.9,286.1,11.4,8.6,0.17071875
2190,19.6,47.8,8.9,10.6,0.195
2191,0,347.5,6.2,5.3,0.193875
2192,9.5,51.3,4.5,8.1,0.189125
2193,1.3,338.1,7,5.3,0.187609375
2194,0,330.8,7.7,5.1,0.1810989583
2195,0.6,279.6,6.3,6,0.1751875
2196,3.7,245.5,7.4,7.8,0.1709479167
2197,5.2,145.9,10.9,10.2,0.1710833333
2198,2.2,218.7,10.2,7.8,0.1698802083
2199,0.1,207.4,6.8,6.9,0.1661302083
2200,0.2,328.7,8.5,6.6,0.16234375
2201,0,246.8,10.6,6.8,0.1582239583
2202,0.4,143.8,11,10.4,0.1544791667
2203,5.6,180.4,10.9,12.2,0.1521927083
2204,0.1,303,11.9,9,0.151890625
2205,0,299.4,14.4,9.4,0.148359375
2206,2.7,245,13,11.7,0.144
2207,9.6,190.5,13,14.3,0.1406979167
2208,0,290,16.3,10.9,0.1375989583
2209,0,236.5,19.9,12.2,0.1331770833
2210,0,269.6,20.7,13,0.1280052083
2211,0.7,252.7,20.7,16.1,0.12271875
2212,0,324,21.4,14.1,0.1172291667
2213,0.1,266.7,19.9,15.5,0.1116145833
2214,0,337,21.4,15,0.1064791667
2215,0,341.1,22.9,13.5,0.1010104167
2216,0.1,276.7,24.2,14.4,0.09529166667
2217,6.2,280.6,22.2,18.5,0.08971354167
2218,5.3,238.1,20.5,15.5,0.08530729167
2219,0.7,226.4,18.9,14.8,0.08161458333
2220,0.6,253.8,20.4,16.4,0.07773369565
2221,15.7,19.8,15.5,17.4,0.07493229167
2222,8.5,173.1,17.5,18.1,0.07615625
2223,6.7,206.4,17.2,17.6,0.07423958333
2224,12.1,184.4,16.8,18.6,0.07434895833
2225,10.6,93.3,16,17.9,0.07820833333
2226,19.7,32.2,12,14,0.080125
2227,4,130.3,12,12,0.08583854167
2228,1.3,266.2,15.7,12.9,0.09646354167
2229,4.8,183.1,13.4,14.3,0.1019427083
2230,0.1,306.2,16.4,13.1,0.09997395833
2231,0,285.9,19.3,12.6,0.096796875
2232,0.1,276.2,19.7,13.2,0.09316145833
2233,15.9,87.9,15.3,17,0.09033333333
2234,1.8,126.2,11.1,10,0.08984375
2235,5.3,191.8,10.8,10.1,0.08975
2236,1.2,83.8,9.4,9,0.09184375
2237,0,295.8,12.6,9.7,0.09076041667
2238,2.8,139.5,13.6,13.7,0.088953125
2239,11.1,193.3,15.1,15.6,0.1042552083
2240,11.1,152.7,15.1,16.3,0.116
2241,3.9,142.9,15.1,13.1,0.12396875
2242,0.5,232.1,15.5,12.4,0.122625
2243,0,240.7,17.6,13.7,0.1172708333
2244,0.3,210.4,18.2,14.6,0.11215625
2245,0,314.9,19,13.2,0.1070729167
2246,1.4,184.7,18.3,15.3,0.102171875
2247,0.4,215.7,17.6,14,0.098578125
2248,3.1,183.6,15.2,15.2,0.09545833333
2249,7.8,137.9,15.9,17.5,0.1018645833
2250,5.1,182.6,17.5,18.2,0.11990625
2251,5.9,199.1,18.3,16.3,0.116453125
2252,0,243.3,18.3,13.7,0.1115520833
2253,7.6,196.8,15.6,15.6,0.1071927083
2254,0.5,232.9,16.8,13.3,0.1037864583
2255,12.5,141.3,15.9,16.5,0.1022604167
2256,0.4,207.7,15.6,12.2,0.1124010417
2257,15.4,74.7,16.2,18,0.1138854167
2258,8.7,144,12.2,12.6,0.1326927083
2259,1.9,206.2,12.5,10.6,0.1383541667
2260,0,261.4,12.1,8.2,0.1317447917
2261,0.2,221.9,14.3,10.5,0.1258020833
2262,15.5,21.5,14,14.4,0.124234375
2263,0.7,219.7,16.3,14.1,0.142234375
2264,0,294.9,15.7,12.4,0.1352708333
2265,0,293.9,17.5,12.7,0.1282708333
2266,0,283,21.4,15.2,0.1221197917
2267,6.2,200,20.9,20.2,0.1166614583
2268,0.4,184.5,19.7,17.8,0.1126614583
2269,3.9,60.6,17.5,19.6,0.1102864583
2270,2,173.8,22.1,20.3,0.1084114583
2271,7.7,75,18.7,20.3,0.1059479167
2272,4.8,172.4,15.4,14.4,0.1369791667
2273,0.5,140.8,15.4,13.2,0.1328177083
2274,8.4,137.8,18.1,18.2,0.1400208333
2275,4.7,100.7,15.5,15.7,0.1474010417
2276,0.1,246.4,12.7,10.1,0.141296875
2277,0,268.4,12.6,9.9,0.135796875
2278,11.3,93,14.1,14,0.1308854167
2279,6.8,145.6,9,8.1,0.1281382979
2280,0.1,208,7,5.9,0.125359375
2281,0,253.4,6.6,6.7,0.1225677083
2282,3.6,181.2,7.9,8.6,0.1194739583
2283,19,50.7,8.2,9.9,0.1409947917
2284,0.1,228.4,10.3,8.1,0.1491145833
2285,2.6,173.9,14.9,12.9,0.1468072917
2286,0,242.2,17.3,12.3,0.1445364583
2287,1.7,133.5,15.9,13.9,0.1391979167
2288,0.5,232.3,9.2,7.8,0.13525
2289,0,227.7,7.5,7.5,0.1320677083
2290,0,237.2,10.4,8.2,0.1289322917
2291,2.5,68.2,14.5,14.6,0.1260106383
2292,0.4,226.1,10.8,8.8,0.1248177083
2293,0,232.8,9,8,0.122734375
2294,0,210.8,13.2,9.8,0.1204479167
2295,1,174.9,15.4,15.1,0.1173072917
2296,7.5,95.3,14.5,16.2,0.114484375
2297,5.5,165.7,9.9,9.1,0.1228489583
2298,2.4,112.7,10,10.2,0.1240520833
2299,0.8,185.7,8.8,8.3,0.123671875
2300,0,211.8,6.3,7.4,0.1222395833
2301,0.6,205.9,9.5,8.8,0.1202291667
2302,5.3,46.2,4.9,7.8,0.11921875
2303,0.1,187.8,5.4,5.8,0.1197864583
2304,0,105.9,13.4,11.8,0.1184427083
2305,0,193.9,15,12.8,0.116484375
2306,5.7,57.8,15.8,17.2,0.11821875
2307,10.2,56,12.7,12.4,0.138453125
2308,3.4,75.4,6.1,8.6,0.1517135417
2309,0.3,175.7,4.4,6.2,0.1505885417
2310,0,180.1,8.1,7.2,0.1472552083
2311,0.1,114.9,10.7,10.6,0.1436770833
2312,0.6,72.2,10.8,11.7,0.1409166667
2313,6,111,10,11.2,0.1398958333
2314,1.3,37.1,2.9,6.5,0.139890625
2315,3.4,89.8,5.7,8.1,0.1399895833
2316,4.6,72.4,8.7,11,0.139890625
2317,2.4,29.4,6.6,9.4,0.1454427083
2318,2.5,76.9,8.2,10.6,0.1541822917
2319,2.2,89.8,7.2,9.8,0.1582708333
2320,2,78.8,6.5,9.2,0.1640729167
2321,5,19.2,5.4,8.8,0.15715625
2322,0.6,90,6.5,8.1,0.1545989583
2323,1,75.4,5.3,7.1,0.1524375
2324,0.1,125.2,-0.5,4,0.1497447917
2325,5.1,95.9,0,5.2,0.14759375
2326,1.2,110.6,0.4,4.5,0.1476822917
2327,1.5,104.5,-1.1,4.4,0.1518177083
2328,1.1,103.4,-2.3,3.2,0.1538229167
2329,0.4,111.6,-3.9,3,0.1523489583
2330,0,123.1,-3.6,3.2,0.1505208333
2331,0,110.2,-2.2,3.3,0.148640625
2332,0,131.6,-2.3,3.3,0.14690625
2333,1.7,50.4,1.9,5.2,0.1453385417
2334,4.7,31.1,2.6,7.3,0.146296875
2335,0.3,109.5,-2.4,3.4,0.1495520833
2336,1.9,41.9,-2,3.4,0.1492135417
2337,0,119,-3.2,3.6,0.1482760417
2338,6.9,7.9,2,7,0.1471979167
2339,3.4,52.6,-0.5,5.2,0.1561458333
2340,0.2,117,-3.2,3,0.16078125
2341,8.2,6.2,-1.4,5.1,0.1573333333
2342,0.3,49.3,-0.2,5.8,0.154984375
2343,0.4,32.5,0.3,6.1,0.152890625
2344,4.5,18.2,4.1,8.1,0.1542604167
2345,8.2,16.2,8.5,10.9,0.1807239583
2346,2.2,65.7,-0.9,4.9,0.1741770833
2347,0.2,81.9,-0.2,4.8,0.167125
2348,8.5,21.1,-0.2,5.9,0.1669583333
2349,1.1,73.1,-4.1,3,0.1686875
2350,0.6,51.8,-3.6,3.6,0.1636145833
2351,0.5,77.1,-5.2,3,0.1602447917
2352,0.7,22.9,0,4.6,0.1574895833
2353,1.3,93.3,2.5,5.6,0.1554479167
2354,7.3,11.4,1.9,6.5,0.154953125
2355,1.6,12.7,1.8,6.8,0.1650520833
2356,0.1,87.4,-0.1,4.4,0.1666145833
2357,0,76.1,0.4,3.8,0.1629479167
2358,0,76,1.8,2.3,0.1604635417
2359,0.9,32.6,4.1,5.5,0.1583958333
2360,4.1,9,5,8.6,0.1602552083
2361,1.2,41,-1.2,4.6,0.1618958333
2362,0.1,76.3,-2,3.9,0.1600572917
2363,0,73.6,0.1,3.6,0.157734375
2364,0,75.1,-1.5,4.6,0.1557447917
2365,5.8,4.3,1.4,6.6,0.1540989583
2366,2.5,26,-1.1,5.3,0.1609427083
2367,0.2,56.3,-1.2,5,0.1608854167
2368,0.1,61.8,-2.5,4.7,0.1588645833
2369,0.3,36.5,-1.8,4.8,0.1570572917
2370,3.5,20.6,1.8,6.7,0.1554479167
2371,7.3,10.1,4,8,0.162921875
2372,0.7,17.2,2.2,7.1,0.166625
2373,0.8,32.1,-2.3,4.3,0.1639583333
2374,0.5,45.6,-4,3.1,0.1612916667
2375,0.1,33.8,-5.3,2.4,0.1588229167
2376,1.1,26.9,-4.6,3.4,0.1566510417
2377,1.8,25,-4.8,3.6,0.1546302083
2378,5,4.8,-2.1,5,0.15284375
2379,3.3,16.1,-5.3,3.7,0.1513645833
2380,0.4,42.4,-6.8,3.2,0.1497708333
2381,1.7,25.2,-8.2,2.8,0.1483802083
2382,0.5,27.9,-9.7,2.6,0.1469947917
2383,0.3,42.8,-12.8,2,0.1455
2384,5.1,16.8,-12.6,2,0.1439010417
2385,5.8,8.9,-7.6,2.9,0.14259375
2386,2.5,13,-15.1,1.4,0.1413697917
2387,0.1,51.2,-16.2,1.3,0.139484375
2388,2.6,9.5,-4.5,3.8,0.138046875
2389,0.1,43.5,-16.5,1.3,0.1367083333
2390,1.2,14.9,-17.4,1.3,0.1350885417
2391,0.1,54.4,-24.5,0.7,0.1332604167
2392,0.2,39,-19.6,1,0.1306197917
2393,0,58,-20.8,0.9,0.127515625
2394,0,56,-18.1,1.1,0.1231302083
2395,0.1,33.4,-17.4,1.3,0.1194635417
2396,1.1,22.5,-15.8,1.4,0.1177395833
2397,3.7,11.6,-12.9,1.9,0.1158489583
2398,4.4,10.7,-4.6,3.9,0.1142395833
2399,0.4,24.1,-4.2,4.2,0.1132552083
2400,0,53.4,-8.7,3,0.1123072917
2401,1.6,17.1,-5.3,3.2,0.1111458333
2402,5.7,4.4,-1.7,4.9,0.11021875
2403,2.6,15.1,-8.6,2.8,0.109578125
2404,0.7,48.8,-19.3,1,0.1084947917
2405,0.1,51.8,-16.6,1.4,0.1066354167
2406,0.6,14.5,-8.5,2.7,0.1052447917
2407,3.3,6.9,-7.7,3.1,0.1043645833
2408,3,12.9,-9.3,2.5,0.1034583333
2409,1.3,16.5,-4.5,3.5,0.1024322917
2410,1.1,10,-1.1,4.9,0.10153125
2411,0.4,39.5,-4.1,3.8,0.1009635417
2412,1.9,6.5,-4.2,3.7,0.1004010417
2413,1.2,15.2,-8,2.7,0.09994791667
2414,0.5,54,-12.3,1.9,0.09897916667
2415,0,58.8,-19.8,1,0.09761979167
2416,0.3,25.2,-14.3,1.7,0.096171875
2417,0.7,39.1,-11.2,2.1,0.09513020833
2418,0.2,66.1,-18.7,1.1,0.094078125
2419,0,64.2,-18.3,1.1,0.09259375
2420,0.2,32.1,-10.2,2.5,0.09094791667
2421,1.3,54.6,-7.8,2.9,0.08975
2422,3.3,66.4,-12.2,2.1,0.088515625
2423,1.2,21.2,-16.4,1.2,0.087046875
2424,1.5,22,-8.6,2.8,0.08556770833
2425,1.7,16.6,-7.4,3.2,0.084390625
2426,0.5,37.4,-7.8,3.1,0.08319791667
2427,0.2,54.4,-8.6,2.6,0.082015625
2428,0.1,76,-13.1,1.9,0.08080208333
2429,0,80.6,-19.9,1,0.07920833333
2430,0,79.2,-9.7,1.9,0.07753645833
2431,17.8,1.6,2.2,6.7,0.08615104167
2432,2.7,25.3,-7.3,3.3,0.1351927083
2433,0.1,80.6,-17.5,1.2,0.1318125
2434,1,34.8,-15.6,1.5,0.1275
2435,1.5,40.9,-22.2,0.7,0.1220416667
2436,0.1,91.3,-24,0.7,0.1182864583
2437,0.2,71.4,-22,0.8,0.11625
2438,0.4,74.4,-24.4,0.6,0.114578125
2439,0,101.7,-24.7,0.6,0.112421875
2440,0.2,54.1,-18.8,1.1,0.110015625
2441,0.4,75.8,-17.2,1.2,0.1072552083
2442,0.2,75.9,-17.9,1.2,0.1036614583
2443,0.2,78,-15.7,1.5,0.09902083333
2444,1,36.9,-12.5,1.8,0.094140625
2445,2.4,27.9,-7,2.9,0.08977083333
2446,0.5,100.4,-9.7,2.4,0.08605729167
2447,0,114.3,-11.3,2,0.08304166667
2448,0.3,83.7,-12.1,2,0.08036458333
2449,0.3,103.8,-7.3,3,0.077546875
2450,0.2,97.5,-8.2,2.8,0.07463020833
2451,5.4,16.2,-3.2,4.5,0.07180208333
2452,7,13.8,-1.1,5.4,0.06965625
2453,1.6,34.7,-2.1,5,0.068609375
2454,2.6,34.9,0.2,5.8,0.069484375
2455,1.7,27.2,-1.6,4.9,0.07788020833
2456,3.6,38.9,-0.5,5.2,0.07964583333
2457,2.3,51.7,-4.3,3.8,0.08072916667
2458,2.2,48.5,-5.1,3.6,0.08150520833
2459,0.3,78.9,-5.1,3.8,0.08252083333
2460,1.9,38.8,-0.8,5,0.08308333333
2461,6.3,20.3,-0.7,5.2,0.083984375
2462,5.6,27.4,-1.5,4.8,0.084546875
2463,2.2,83.7,-0.9,3.8,0.08530729167
2464,0,117,0.1,4.5,0.08597395833
2465,1.3,43.1,-0.9,5,0.08709895833
2466,0.1,122.2,-2,4.4,0.08822395833
2467,0,155.4,-9,2.7,0.08910416667
2468,0,165.7,-10,2.3,0.08896354167
2469,0,169.1,-8.1,2.7,0.08908854167
2470,0,166.6,-9.8,2.3,0.08911458333
2471,0,164.3,-5.9,3.5,0.08850520833
2472,0.1,97.1,-1,4.8,0.08735416667
2473,0.4,124.1,-5.1,3.3,0.08590625
2474,0.2,165.5,-8.3,2.9,0.08427604167
2475,0,182.3,-9.2,2.3,0.08269791667
2476,0,175.7,-7,2.8,0.08113541667
2477,0,191.4,-5,3,0.07958333333
2478,0,184.7,-1.6,4.1,0.077828125
2479,0,195.8,-1.8,4.4,0.0765
2480,0,197.1,-1.8,4.2,0.07621354167
2481,0,196.3,-2.1,4.5,0.07658333333
2482,0.1,155,1.5,4.7,0.0780625
2483,0.4,171.3,-2.3,4.3,0.088390625
2484,3.1,71.1,-2.9,4.5,0.09388541667
2485,0.8,209.8,-11.5,1.9,0.095234375
2486,0,200.5,-9.3,2,0.09534375
2487,0.1,219.1,-8.5,2.5,0.09568229167
2488,0,203.2,-8,2.3,0.09588541667
2489,0,190.9,-5.2,3.3,0.096078125
2490,1.2,173.2,-9.8,2.2,0.09621354167
2491,0.1,228.1,-20,0.9,0.09552604167
2492,0.2,172.3,-14.2,1.6,0.09457291667
2493,6.8,54.5,-2.3,4.5,0.093296875
2494,1.3,198.8,-5.1,3.5,0.091578125
2495,0,239.7,-4.6,3.5,0.08936458333
2496,0,208.4,1.3,5.4,0.09218229167
2497,0,225.9,4.4,6.7,0.112453125
2498,0,220.3,7.4,7.7,0.1473489583
2499,0,237.3,9.9,8.8,0.173921875
2500,0.1,228,7.6,6.5,0.1837239583
2501,4.4,58.6,3,7,0.180984375
2502,0.6,232.4,3.8,5.7,0.1833072917
2503,1.2,165.2,0.8,4.8,0.1860520833
2504,3.2,197.2,-1.9,4.1,0.1799583333
2505,13.6,89.7,2,6.5,0.1844322917
2506,1.4,190,-1.1,3.8,0.183359375
2507,0.3,150.5,-1.2,3.7,0.1754791667
2508,0,261.5,-0.6,3.1,0.1728854167
2509,0,277,-0.3,3.2,0.1770989583
2510,0,275.6,1.7,3.5,0.1840208333
2511,0,272.4,1.2,3.1,0.1846145833
2512,16.7,35.8,0.5,6,0.1819427083
2513,4.3,179.9,1.7,4.6,0.1857604167
2514,0.5,123.5,2.4,5.3,0.1896145833
2515,0.1,260.2,5.4,5.4,0.1901614583
2516,0,292.7,1.6,4,0.1893697917
2517,0,288.8,0.1,3.4,0.185734375
2518,0,284.8,0.5,3.1,0.1836808511
2519,0,286.1,2.4,3.9,0.1843020833
2520,3.2,105.8,2.3,5.8,0.18525
2521,0,297.4,4.9,5.2,0.1872604167
2522,0,301,1.2,2.8,0.187578125
2523,1,240.5,2.7,4.5,0.1847083333
2524,0,292.7,1.9,3.7,0.1838958333
2525,0.2,266.8,3.1,4.3,0.1826510417
2526,0,316.1,5.9,5,0.1841041667
2527,3.7,140.2,6.5,7.9,0.187671875
2528,2.1,180.8,13.8,13.1,0.1910729167
2529,5.7,42.6,10.3,12.3,0.2033020833
2530,8.2,139.5,8.6,11,0.1982708333
2531,1.4,207.6,7.8,9.5,0.1946041667
2532,7.3,138.2,4.8,8.1,0.191671875
2533,0.4,275.9,0.5,3.8,0.1874895833
2534,0.1,254.5,1.3,4.3,0.1828802083
2535,1.5,154.6,-1,3.5,0.1798697917
2536,0,328.4,-0.4,2.7,0.177734375
2537,0,331.9,1.3,3.4,0.1753229167
2538,0,334.9,4.5,3.9,0.1732239583
2539,0,340.5,6.5,4.5,0.1711979167
2540,1.6,141.1,6.4,6.1,0.1691197917
2541,0.3,303.4,9.5,5.7,0.1671927083
2542,0,344.2,11.1,4.9,0.1647708333
2543,0.6,300.2,13.3,8.3,0.1618645833
2544,0,342.7,13,8.7,0.1587604167
2545,0.2,285.9,16.1,9,0.1545989583
2546,2.8,311.4,8.1,6.4,0.15071875
2547,0,345.8,8.8,4.7,0.1461875
2548,0,273.2,16.9,8.5,0.1421510417
2549,0,271.8,20.8,12.8,0.1376927083
2550,0.2,288.5,21.8,17.2,0.1315572917
2551,3.4,254.3,21.8,22.6,0.127890625
2552,0,339.3,20.1,12.8,0.12521875
2553,0,349,16.5,7.2,0.1204791667
2554,0,299.8,16.6,8.8,0.1159114583
2555,0,341.4,11.4,6.6,0.1117447917
2556,0,343.8,7.9,5.1,0.10759375
2557,4.2,119.6,8.5,8.6,0.1046302083
2558,1.2,279.2,13.4,11.4,0.10371875
2559,1.8,223.7,12.9,10.3,0.106109375
2560,0,354.7,13.2,7,0.1073333333
2561,0,324.7,12.8,6.7,0.1051666667
2562,0,226.7,9.6,5.6,0.1025677083
2563,0.1,259.7,11.2,6.6,0.1000104167
2564,6,232.3,9.6,9,0.097609375
2565,1.2,264.3,12.3,7.4,0.098265625
2566,0,336.6,15.2,7.9,0.09666145833
2567,0,344.3,16.6,9.7,0.09419791667
2568,0.1,233,15.4,9.9,0.09161979167
2569,0,355.9,15.8,7.6,0.08870833333
2570,0,332.8,14.7,6.2,0.08536458333
2571,0,345.9,14.3,5.7,0.08197395833
2572,0,368.4,13.3,6.3,0.078515625
2573,0,222.3,16.2,8.3,0.07505208333
2574,0,323.5,20.6,9.3,0.07150520833
2575,0.4,269.5,20.8,13.1,0.06761979167
2576,14.8,129.3,18.9,17.7,0.06746875
2577,0.2,354.7,14.1,8.2,0.07315104167
2578,0,365,15.9,7.6,0.07142708333
2579,0,259.6,18.2,9.4,0.06959375
2580,2.6,220.7,18.5,15.1,0.06740625
2581,0.6,303.7,13.7,9.3,0.06583854167
2582,0.3,276.2,12.3,7.8,0.06347395833
2583,0.3,312.8,12,6.6,0.06111458333
2584,0,289.4,12.5,7.5,0.05864583333
2585,25,24.9,11.3,13.2,0.05746111111
2586,1.9,228.4,9.9,8.4,0.06557291667
2587,7.7,197.1,9.6,9,0.06874479167
2588,3.8,164.3,12.2,9.2,0.076140625
2589,1.2,293.9,15,12.1,0.07669270833
2590,4.4,200.3,20,18.5,0.08619270833
2591,5,108.7,19.6,22.1,0.08902604167
2592,11.1,69.9,21.3,22.8,0.09885416667
2593,0.1,153.2,21.9,21.1,0.1084895833
2594,12,207.2,23,23.4,0.1236666667
2595,1.7,203.6,22.5,22.9,0.1226927083
2596,0.9,174.2,20.2,19.2,0.1247135417
2597,6.3,296.9,19.3,15.1,0.122296875
2598,0,337.8,22.2,12.7,0.11815625
2599,4.5,214.3,20.2,17.6,0.120703125
2600,4.3,235,18.1,15.5,0.14090625
2601,0,341.2,20.4,13.4,0.1315208333
2602,5,148.2,17.9,15.6,0.125140625
2603,8.3,230.8,20.9,17.4,0.1293177083
2604,13.8,176.6,16.5,18,0.1301822917
2605,4.8,178.7,16.9,15,0.1308072917
2606,0.7,314.6,17.5,11.2,0.1327722222
2607,0,331.7,17.1,10.7,0.1296041667
2608,0.2,214,17.5,14.7,0.124484375
2609,0,331.2,17,10.8,0.119921875
2610,0.1,240.8,17.3,11.6,0.115734375
2611,6,119.6,17.3,17.8,0.112375
2612,2,178.6,13.2,11.9,0.112546875
2613,1,303.5,16.4,11.2,0.112234375
2614,0,272.6,20.1,13.7,0.11025
2615,11.2,67.4,18,15.7,0.1469583333
2616,2,60.4,11.3,10.6,0.147201087
2617,0.3,215,12.3,9.1,0.1419479167
2618,2.4,210.6,14.3,9.8,0.1368802083
2619,3.2,215.9,16.3,14.8,0.1342708333
2620,8.2,123.1,17.3,16.6,0.157078125
2621,8.6,183.3,18.4,18.9,0.1554322917
2622,9.3,97.2,17.9,20.1,0.151953125
2623,10.4,163.1,15.7,17.2,0.1570989583
2624,2.2,172.8,8.6,8.5,0.157609375
2625,2.4,177.4,10.6,9.3,0.1554375
2626,8.2,118.3,14.5,13.2,0.1695208333
2627,0,239.3,17.4,12.4,0.1586302083
2628,0,291.5,16,12.1,0.1513854167
2629,0,287.4,14.9,10,0.145859375
2630,0,295.5,15.8,10.6,0.140453125
2631,0,290.7,17.5,11.7,0.1354427083
2632,0.2,123.8,19.8,15.1,0.1306927083
2633,0.1,188.1,21.7,19.5,0.126703125
2634,13.2,114.8,17.7,17.1,0.1295625
2635,4,75.9,12.7,13,0.1508802083
2636,0.7,196.8,14.5,11.5,0.1488645833
2637,24.8,67.2,11.4,13.4,0.1573177083
2638,0.3,218.7,12.3,9.8,0.1730885417
2639,0,226.3,13.9,11.7,0.162109375
2640,0,254.5,16.8,12.1,0.1547083333
2641,0,260.5,16.7,13.1,0.150575
2642,0,255.5,17.9,13.5,0.1434802632
2643,0.1,147.8,17.6,13.9,0.13925
2644,3.1,95.5,13.3,12.1,0.1442083333
2645,4.5,149.7,12,11.9,0.1480572917
2646,1.3,134.7,17.6,16.3,0.146359375
2647,0,183.6,21.5,16.1,0.14378125
2648,0.1,236.3,22.9,16.9,0.1397934783
2657,19.8,18.4,11.3,13.2,0.1928888889
2658,0.7,63.4,10.8,9.9,0.1832272727
2659,0,227.7,12.5,8.6,0.1739010417
2660,0,217.2,11,8.8,0.1674427083
2661,3.7,114.9,11.9,11.7,0.1623385417
2662,7.2,135.3,11.8,12.3,0.1607552083
2663,2.2,79.3,8.6,9.7,0.1606510417
2664,1.6,46.7,7,8.7,0.1612552083
2665,0.7,111.1,6.4,6.8,0.1612864583
2666,0,194.4,5.9,7.1,0.1605364583
2667,11,60.7,8.1,9.4,0.164546875
2668,0.2,159.7,6.7,7.3,0.1826822917
2669,0.5,138.3,6.7,6.8,0.1751666667
2670,24,20.5,6.6,9,0.173359375
2671,2.7,61.9,8.5,9.2,0.1889414894
2672,0.1,174.8,6.5,6.2,0.1790260417
2673,21.7,16.2,4.5,7.2,0.1777083333
2674,18,33.8,4.6,7.3,0.206546875
2675,0,190.3,4.4,6.4,0.1898020833
2676,0.1,110.8,9,9.4,0.1819583333
2677,3.4,77.1,8.9,11.1,0.177421875
2678,11.1,46.9,10.7,11.9,0.1890104167
2679,1,53,11.5,12.1,0.183921875
2680,1.7,67.9,7.3,9.2,0.1867916667
2681,1.8,41.5,3.4,6.9,0.183171875
2682,0.3,126.5,2.9,5.7,0.1801979167
2683,0,168.3,2.5,5.7,0.1765364583
2684,0,157.3,4.6,7.2,0.1729583333
2685,0,160.2,3.9,7.5,0.1698072917
2686,1.9,88.5,5.4,7.8,0.1669739583
2687,0.1,132.7,3.8,5.3,0.16440625
2688,1.1,103.1,2.3,4.8,0.1619583333
2689,0.3,89.3,3.2,5.2,0.1599270833
2690,0.7,29.3,2.5,6.4,0.158875
2698,0.7,120.9,0,4.6,0.1612272727
2699,10,31.3,1.2,6.6,0.1609375
2700,5.8,15.6,1.8,6.8,0.1679635417
2701,1.3,59,0.1,5,0.170234375
2702,0,111.4,-1.6,3.8,0.169921875
2703,0,118.7,-2.8,4.1,0.168703125
2704,5.9,15.2,-0.1,5.3,0.1672447917
2705,2.5,19.2,4,8,0.1664322917
2706,13.9,87.1,9.7,10.6,0.1741979167
2707,5.3,21.4,5.2,8.5,0.1883072917
2708,1.8,26.5,-0.6,5.2,0.188765625
2709,0.3,98.2,-4.2,3,0.1830625
2710,1,20.7,-2.5,4.2,0.1793020833
2711,1.1,53.2,-0.9,5,0.1763541667
2712,0.1,98,-2.6,4.4,0.1739479167
2713,0,100.1,-1.3,4.6,0.1719479167
2714,3.2,10,0.4,6,0.1700729167
2715,7.4,12.8,-1.2,5.2,0.169578125
2716,2,96.8,-4,3.2,0.169109375
2717,0,90.2,-4.4,3.5,0.1681510417
2718,0,96.5,-5.1,3.8,0.1670104167
2719,0,91.5,-3.4,4.4,0.1657916667
2720,0,88.1,-4.6,3.8,0.1644375
2721,0,85.5,-1.2,3.9,0.16321875
2722,0,82.3,1.3,4.8,0.1621041667
2723,0,76.9,-3.2,4.3,0.1610208333
2724,0,31.6,0.2,4.6,0.1604427083
2725,2.1,34.5,1.9,6.4,0.160578125
2726,0.7,44.8,-1,5.1,0.1653802083
2727,13.7,4.7,0.1,5.6,0.170640625
2728,4.1,44.3,-3.7,3.9,0.1710581395
2729,0.4,70.9,-12.9,1.9,0.170046875
2730,5.8,22.5,-7.1,3,0.1690416667
2731,0.1,72.4,-11.5,2.2,0.167796875
2732,4.2,5.3,-3.4,4.3,0.166546875
2733,9.8,12.8,1.2,6,0.17196875
2734,1.4,50,-9.8,2.2,0.1831822917
2735,0.1,56.4,-11.5,2.2,0.17884375
2736,7.9,22.4,-7.8,2.7,0.176171875
2737,1.4,56.5,-11,2.2,0.17396875
2738,0.7,30.6,-2.5,4.3,0.1720416667
2739,0,61.2,-4.1,4.1,0.170296875
2740,1.3,41.4,-0.4,5.4,0.168703125
2741,25.1,1.2,4.8,7.4,0.1845208333
2742,4.1,27,-1,5.4,0.2037083333
2743,0.7,32,-4.7,4.1,0.19384375
2744,9.2,3.8,-3.6,4.3,0.1888229167
2745,4.1,4.6,-1.4,5.4,0.1850885417
2746,4.9,21.8,-2.9,4.6,0.1822447917
2747,8.2,11.4,-2.9,4.4,0.1798854167
2748,1.9,16.1,-9,2.4,0.1778697917
2749,0.3,44.3,-15.6,1.5,0.1757708333
2750,0.5,21.1,-13.4,1.6,0.1734791667
2751,2.4,36.2,-8.5,2.9,0.1713385417
2752,9.6,10.7,-12.8,2,0.1693958333
2753,16,7.6,-9.1,2.6,0.16834375
2754,6,21.1,-13.3,1.8,0.1674166667
2755,4.2,9.3,-16.2,1.4,0.1657083333
2756,0.6,19.7,-13.7,1.8,0.1628177083
2757,0.5,19.8,-15.3,1.6,0.1586979167
2758,1.1,12.8,-7.8,2.9,0.1556979167
2759,0.2,39.2,-9.3,2.7,0.1539895833
2760,0.4,24.6,-8.9,2.8,0.1534010417
2761,1.3,8.9,-7.3,3.2,0.1524010417
2762,0.2,24.5,-6.8,3.2,0.1519739583
2763,0.2,39,-9.5,2.6,0.1515416667
2764,0.3,34.2,-11.5,2.1,0.15
2765,0.3,33.5,-10.6,2.4,0.1477135417
2766,0.2,49.5,-17.6,1.3,0.1449583333
2767,0.1,51.4,-16.2,1.4,0.1426458333
2768,0,59.1,-17.2,1.3,0.1409479167
2769,0.2,24.4,-13.7,1.9,0.1393177083
2770,0.1,33.7,-3.1,3.8,0.138546875
2771,3.1,4.1,1.3,6.2,0.1383125